Time,Lat,Lon,Temp,Humi,PM10,PM25
5.4.2018 10:13:59.0,69.651962,19.013881,23.40,25.20,0.90,0.90
5.4.2018 10:14:7.0,69.651931,19.013942,18.80,18.70,0.90,0.90
5.4.2018 10:14:15.0,69.651901,19.013996,18.50,18.30,0.90,0.90
5.4.2018 10:14:23.0,69.651908,19.014110,18.10,17.60,0.90,0.90
5.4.2018 10:14:31.0,69.651969,19.014125,17.80,17.20,0.90,0.80
5.4.2018 10:14:40.0,69.651962,19.014139,17.60,17.00,1.10,0.80
5.4.2018 10:14:49.0,69.652015,19.014024,16.90,16.50,1.10,0.80
5.4.2018 10:14:52.0,69.652015,19.014015,16.90,16.80,1.10,0.80
5.4.2018 10:14:55.0,69.652015,19.014013,17.00,16.80,1.10,0.80
5.4.2018 10:15:3.0,69.652000,19.014026,17.00,16.70,2.20,0.80
5.4.2018 10:15:6.0,69.651992,19.014057,16.90,17.00,2.20,0.80
5.4.2018 10:15:9.0,69.652000,19.014074,16.80,17.00,2.20,0.80
5.4.2018 10:15:12.0,69.652015,19.014060,16.70,17.00,2.20,0.80
5.4.2018 10:15:15.0,69.652023,19.014051,16.70,17.10,2.20,0.70
5.4.2018 10:15:18.0,69.652030,19.014036,16.60,17.00,2.50,0.70
5.4.2018 10:15:21.0,69.652038,19.014028,16.50,17.10,3.30,0.80
5.4.2018 10:15:24.0,69.652046,19.014026,16.50,17.10,3.30,0.70
5.4.2018 10:15:27.0,69.652053,19.014020,16.40,17.00,3.20,0.70
5.4.2018 10:15:30.0,69.652061,19.014007,16.40,17.20,3.00,0.70
5.4.2018 10:15:33.0,69.652084,19.014007,16.30,17.20,2.90,0.70
5.4.2018 10:15:36.0,69.652114,19.013994,16.30,17.20,2.80,0.80
5.4.2018 10:15:39.0,69.652153,19.013986,16.30,17.20,2.80,0.80
5.4.2018 10:15:42.0,69.652183,19.013982,16.20,17.10,2.80,0.80
5.4.2018 10:15:45.0,69.652221,19.013975,16.20,17.10,2.80,0.90
5.4.2018 10:15:48.0,69.652259,19.013959,16.20,17.10,2.80,0.90
5.4.2018 10:15:51.0,69.652313,19.013948,16.10,17.10,2.80,0.90
5.4.2018 10:15:54.0,69.652343,19.013956,16.00,17.10,2.80,0.90
5.4.2018 10:15:57.0,69.652381,19.013957,16.00,17.20,2.80,0.90
5.4.2018 10:16:0.0,69.652412,19.013969,16.00,17.20,2.50,0.90
5.4.2018 10:16:3.0,69.652458,19.013954,15.90,17.20,1.70,0.90
5.4.2018 10:16:6.0,69.652503,19.013950,15.90,17.30,1.80,1.00
5.4.2018 10:16:9.0,69.652534,19.013967,15.80,17.30,1.80,1.00
5.4.2018 10:16:12.0,69.652572,19.013982,15.80,17.50,1.80,1.00
5.4.2018 10:16:15.0,69.652618,19.013984,15.70,17.40,1.90,1.00
5.4.2018 10:16:18.0,69.652671,19.013978,15.60,17.40,1.80,1.00
5.4.2018 10:16:21.0,69.652717,19.013963,15.50,17.50,1.10,1.00
5.4.2018 10:16:24.0,69.652755,19.013973,15.50,17.60,1.10,1.00
5.4.2018 10:16:27.0,69.652793,19.013942,15.50,17.90,1.10,1.00
5.4.2018 10:16:30.0,69.652832,19.013984,15.40,17.80,1.10,1.00
5.4.2018 10:16:33.0,69.652870,19.014030,15.30,17.80,1.10,1.00
5.4.2018 10:16:36.0,69.652885,19.014093,15.20,17.80,1.10,1.00
5.4.2018 10:16:39.0,69.652893,19.014112,15.20,17.90,1.10,1.00
5.4.2018 10:16:42.0,69.652923,19.014110,15.10,17.90,1.00,0.90
5.4.2018 10:16:45.0,69.652931,19.014137,14.90,17.90,1.00,0.90
5.4.2018 10:16:48.0,69.652923,19.014169,14.90,18.00,1.10,1.00
5.4.2018 10:16:51.0,69.652923,19.014179,14.90,18.10,1.00,0.90
5.4.2018 10:16:54.0,69.652915,19.014196,14.80,18.10,1.00,0.90
5.4.2018 10:16:57.0,69.652915,19.014204,14.80,18.20,1.00,0.90
5.4.2018 10:17:0.0,69.652908,19.014221,14.60,18.20,1.00,0.90
5.4.2018 10:17:9.0,69.652893,19.014268,14.50,18.20,1.00,0.80
5.4.2018 10:17:18.0,69.652885,19.014276,14.40,18.60,0.80,0.80
5.4.2018 10:17:21.0,69.652885,19.014276,14.20,18.80,0.80,0.80
5.4.2018 10:17:24.0,69.652877,19.014270,14.20,18.80,0.80,0.80
5.4.2018 10:17:33.0,69.652801,19.014234,14.10,18.80,1.10,0.80
5.4.2018 10:17:42.0,69.652709,19.014190,13.80,18.70,1.60,0.80
5.4.2018 10:17:51.0,69.652618,19.014095,13.80,19.10,1.60,0.80
5.4.2018 10:18:0.0,69.652503,19.014059,13.50,19.00,1.80,0.80
5.4.2018 10:18:9.0,69.652374,19.014038,13.50,19.20,1.70,0.80
5.4.2018 10:18:18.0,69.652290,19.014036,13.20,19.10,1.60,0.80
5.4.2018 10:18:28.0,69.652130,19.014041,12.90,19.00,1.70,0.80
5.4.2018 10:18:37.0,69.652084,19.014339,12.20,18.70,1.00,0.90
5.4.2018 10:18:45.0,69.651985,19.014511,11.70,18.80,1.00,0.80
5.4.2018 10:18:53.0,69.651679,19.017374,11.50,19.10,1.20,1.10
5.4.2018 10:51:57.0,69.649032,19.006618,14.60,16.50,8.00,0.70
5.4.2018 10:52:0.0,69.649002,19.006544,11.20,22.10,8.00,0.70
5.4.2018 10:52:3.0,69.648979,19.006486,11.10,22.00,8.00,0.70
5.4.2018 10:52:6.0,69.648948,19.006462,11.00,21.90,22.90,1.00
5.4.2018 10:52:9.0,69.648925,19.006425,11.10,22.00,30.60,1.20
5.4.2018 10:52:12.0,69.648910,19.006401,11.10,22.10,30.60,1.20
5.4.2018 10:52:15.0,69.648887,19.006341,11.00,22.00,30.90,1.30
5.4.2018 10:52:18.0,69.648857,19.006301,11.10,22.20,36.60,1.40
5.4.2018 10:52:21.0,69.648826,19.006233,11.10,22.20,38.30,1.40
5.4.2018 10:52:24.0,69.648811,19.006139,11.10,22.20,47.40,1.80
5.4.2018 10:52:27.0,69.648796,19.006128,11.00,22.20,51.70,1.90
5.4.2018 10:52:30.0,69.648796,19.006084,11.00,22.20,51.40,1.90
5.4.2018 10:52:33.0,69.648788,19.006095,11.00,22.20,50.00,1.90
5.4.2018 10:52:36.0,69.648788,19.006011,11.00,22.20,53.20,2.10
5.4.2018 10:52:39.0,69.648750,19.005781,10.90,22.10,55.30,2.20
5.4.2018 10:52:42.0,69.648712,19.005584,10.90,22.20,63.80,2.50
5.4.2018 10:52:45.0,69.648727,19.005498,10.90,22.20,68.20,2.80
5.4.2018 10:52:48.0,69.648727,19.005294,10.90,22.20,72.40,2.90
5.4.2018 10:52:51.0,69.648727,19.005203,10.90,22.20,74.40,2.90
5.4.2018 10:52:54.0,69.648719,19.005153,10.90,22.20,74.40,2.90
5.4.2018 10:52:57.0,69.648727,19.005128,10.90,22.20,74.40,2.90
5.4.2018 10:53:0.0,69.648742,19.005121,10.90,22.10,74.40,3.00
5.4.2018 10:53:3.0,69.648727,19.005079,10.90,22.10,74.40,3.00
5.4.2018 10:53:6.0,69.648735,19.004993,10.90,22.30,59.50,2.70
5.4.2018 10:53:9.0,69.648727,19.004907,10.90,22.40,51.70,2.50
5.4.2018 10:53:12.0,69.648735,19.004806,10.90,22.50,51.60,2.40
5.4.2018 10:53:15.0,69.648704,19.004682,10.90,22.80,51.20,2.40
5.4.2018 10:53:18.0,69.648712,19.004585,10.90,22.70,45.60,2.30
5.4.2018 10:53:21.0,69.648712,19.004497,10.80,22.60,41.80,2.20
5.4.2018 10:53:24.0,69.648704,19.004390,10.90,22.70,31.60,1.90
5.4.2018 10:53:27.0,69.648704,19.004287,10.90,22.60,26.80,1.70
5.4.2018 10:53:30.0,69.648696,19.004203,10.90,22.60,26.80,1.70
5.4.2018 10:53:33.0,69.648689,19.004114,10.80,22.60,26.00,1.70
5.4.2018 10:53:36.0,69.648681,19.004024,10.80,22.70,21.80,1.60
5.4.2018 10:53:39.0,69.648674,19.003931,10.70,22.90,19.70,1.40
5.4.2018 10:53:42.0,69.648674,19.003831,10.60,23.00,11.10,1.10
5.4.2018 10:53:45.0,69.648681,19.003730,10.60,23.00,6.80,0.90
5.4.2018 10:53:48.0,69.648681,19.003635,10.60,23.10,2.60,0.80
5.4.2018 10:53:51.0,69.648681,19.003557,10.60,23.10,0.80,0.80
5.4.2018 10:53:54.0,69.648681,19.003490,10.60,23.10,0.80,0.80
5.4.2018 10:53:57.0,69.648681,19.003433,10.60,23.10,0.80,0.80
5.4.2018 10:54:0.0,69.648674,19.003370,10.50,23.00,0.80,0.80
5.4.2018 10:54:3.0,69.648674,19.003282,10.40,22.90,0.80,0.80
5.4.2018 10:54:6.0,69.648666,19.003179,10.30,22.90,0.80,0.80
5.4.2018 10:54:9.0,69.648658,19.003095,10.20,22.80,0.80,0.80
5.4.2018 10:54:12.0,69.648658,19.003011,10.20,22.80,0.80,0.80
5.4.2018 10:54:15.0,69.648651,19.002933,10.20,22.80,0.80,0.80
5.4.2018 10:54:18.0,69.648643,19.002828,10.20,22.80,0.80,0.80
5.4.2018 10:54:21.0,69.648635,19.002729,10.20,22.80,0.80,0.80
5.4.2018 10:54:24.0,69.648628,19.002628,10.10,22.70,0.80,0.80
5.4.2018 10:54:27.0,69.648628,19.002538,10.10,22.80,0.80,0.80
5.4.2018 10:54:30.0,69.648620,19.002445,10.10,22.90,0.80,0.80
5.4.2018 10:54:33.0,69.648612,19.002384,10.00,23.00,1.00,0.90
5.4.2018 10:54:36.0,69.648605,19.002220,10.00,23.10,1.00,0.90
5.4.2018 10:54:39.0,69.648597,19.002088,10.00,23.10,1.00,0.90
5.4.2018 10:54:42.0,69.648597,19.002006,10.00,23.20,1.00,0.80
5.4.2018 10:54:45.0,69.648597,19.001863,10.00,23.10,1.00,0.90
5.4.2018 10:54:48.0,69.648582,19.001705,9.90,23.80,1.00,0.90
5.4.2018 10:54:51.0,69.648574,19.001619,10.00,23.20,1.00,0.90
5.4.2018 10:54:54.0,69.648582,19.001581,9.80,24.00,1.00,0.80
5.4.2018 10:54:57.0,69.648574,19.001462,9.80,24.10,0.90,0.80
5.4.2018 10:55:0.0,69.648567,19.001285,9.80,24.30,0.90,0.80
5.4.2018 10:55:3.0,69.648559,19.001165,9.70,24.40,0.90,0.80
5.4.2018 10:55:7.0,69.648551,19.001037,9.60,24.50,1.00,0.90
5.4.2018 10:55:11.0,69.648544,19.000949,9.50,24.60,1.10,0.90
5.4.2018 10:55:15.0,69.648544,19.000833,9.60,24.70,1.10,0.90
5.4.2018 10:55:19.0,69.648544,19.000730,9.60,24.90,1.10,0.90
5.4.2018 10:55:23.0,69.648529,19.000553,9.60,25.10,1.10,0.90
5.4.2018 10:55:27.0,69.648544,19.000507,9.40,25.10,1.10,0.90
5.4.2018 10:55:31.0,69.648551,19.000415,9.10,24.90,1.10,0.90
5.4.2018 10:55:35.0,69.648529,19.000276,9.10,25.00,0.80,0.80
5.4.2018 10:55:39.0,69.648521,19.000146,9.00,25.00,1.00,0.90
5.4.2018 10:55:44.0,69.648490,18.999937,9.20,25.20,1.00,0.90
5.4.2018 10:55:48.0,69.648536,18.999956,9.30,25.50,1.00,0.90
5.4.2018 10:55:53.0,69.648574,18.999818,9.10,25.60,1.00,0.90
5.4.2018 10:55:59.0,69.648574,18.999729,9.10,25.90,1.00,0.90
5.4.2018 10:56:5.0,69.648719,18.999847,8.80,25.80,1.00,0.90
5.4.2018 10:56:11.0,69.648506,18.999229,8.70,26.00,0.90,0.90
5.4.2018 10:56:17.0,69.648368,18.999029,8.50,26.00,1.00,0.90
5.4.2018 10:56:23.0,69.648269,18.998901,8.40,26.10,1.00,0.90
5.4.2018 10:56:29.0,69.648216,18.998727,8.40,26.40,1.00,0.90
5.4.2018 10:56:35.0,69.648185,18.998590,8.30,26.50,1.00,0.90
5.4.2018 10:56:41.0,69.648132,18.998399,8.30,26.50,1.10,0.90
5.4.2018 10:56:47.0,69.648109,18.998193,8.30,26.60,1.10,0.90
5.4.2018 10:56:53.0,69.648078,18.997968,8.40,27.00,1.10,0.90
5.4.2018 10:56:59.0,69.648063,18.997718,8.50,27.10,1.00,0.90
5.4.2018 10:57:5.0,69.648033,18.997505,8.60,27.30,1.10,0.90
5.4.2018 10:57:12.0,69.647979,18.997310,8.70,27.50,1.10,0.90
5.4.2018 10:57:19.0,69.647903,18.997400,8.80,27.90,1.00,0.90
5.4.2018 10:57:26.0,69.647834,18.997497,8.80,28.00,1.00,0.90
5.4.2018 10:57:33.0,69.647758,18.997604,8.70,28.00,1.00,0.90
5.4.2018 10:57:41.0,69.647674,18.997776,8.60,27.80,1.00,1.00
5.4.2018 10:57:48.0,69.647628,18.997982,8.40,27.60,0.90,0.90
5.4.2018 10:57:55.0,69.647567,18.998258,8.40,27.70,0.90,0.90
5.4.2018 10:58:2.0,69.647491,18.998401,7.90,27.40,0.90,0.90
5.4.2018 10:58:9.0,69.647407,18.998252,7.90,27.50,1.10,1.00
5.4.2018 10:58:16.0,69.647361,18.998043,8.10,27.50,1.10,1.00
5.4.2018 10:58:23.0,69.647308,18.997814,8.10,27.60,1.10,1.00
5.4.2018 10:58:30.0,69.647270,18.997589,8.10,27.60,1.10,1.00
5.4.2018 10:58:37.0,69.647262,18.997453,8.20,27.90,1.10,1.00
5.4.2018 10:58:44.0,69.647247,18.997266,8.30,28.70,1.10,1.00
5.4.2018 10:58:51.0,69.647216,18.997068,8.50,28.30,1.10,1.00
5.4.2018 10:58:58.0,69.647155,18.996780,8.50,28.10,1.10,1.00
5.4.2018 10:59:6.0,69.647087,18.996355,8.10,28.00,1.00,0.90
5.4.2018 10:59:13.0,69.646942,18.996067,8.00,28.10,1.00,0.90
5.4.2018 10:59:21.0,69.646774,18.995866,8.00,28.40,1.00,0.90
5.4.2018 10:59:29.0,69.646690,18.995794,8.10,28.50,0.90,0.80
5.4.2018 10:59:37.0,69.646675,18.995845,8.20,28.30,1.30,1.20
5.4.2018 10:59:44.0,69.646667,18.995828,8.10,28.00,1.80,1.70
5.4.2018 10:59:51.0,69.646659,18.996017,8.00,27.80,1.90,1.80
5.4.2018 11:0:0.0,69.646644,18.996295,8.10,27.80,2.10,2.00
5.4.2018 11:0:3.0,69.646636,18.996343,7.80,27.50,2.10,2.00
5.4.2018 11:0:11.0,69.646629,18.996553,7.70,27.50,2.10,2.00
5.4.2018 11:0:14.0,69.646629,18.996635,7.80,27.60,2.10,2.00
5.4.2018 11:0:17.0,69.646621,18.996746,7.90,27.80,2.30,2.10
5.4.2018 11:0:20.0,69.646614,18.996822,8.00,27.80,2.30,2.10
5.4.2018 11:0:23.0,69.646583,18.996831,8.00,27.70,2.30,2.10
5.4.2018 11:0:26.0,69.646553,18.996822,8.10,27.70,2.20,2.00
5.4.2018 11:0:29.0,69.646522,18.996812,8.10,27.80,2.20,2.00
5.4.2018 11:0:32.0,69.646492,18.996812,8.10,27.70,2.20,2.00
5.4.2018 11:0:35.0,69.646461,18.996809,8.10,27.70,2.20,1.90
5.4.2018 11:0:38.0,69.646446,18.996801,8.10,27.70,2.10,1.30
5.4.2018 11:0:41.0,69.646423,18.996780,8.00,27.70,2.00,1.10
5.4.2018 11:0:49.0,69.646369,18.996786,7.90,27.70,2.00,1.10
5.4.2018 11:0:58.0,69.646286,18.996772,7.90,27.60,1.90,1.00
5.4.2018 11:1:6.0,69.646232,18.996740,7.90,27.60,1.90,0.90
5.4.2018 11:1:16.0,69.646156,18.996742,7.90,27.50,1.10,0.80
5.4.2018 11:1:26.0,69.646072,18.996726,7.90,27.40,1.10,0.80
5.4.2018 11:1:35.0,69.645996,18.996685,7.90,27.20,0.80,0.80
5.4.2018 11:1:38.0,69.645965,18.996665,8.00,27.10,0.80,0.80
5.4.2018 11:1:41.0,69.645935,18.996608,8.10,27.10,0.80,0.80
5.4.2018 11:1:44.0,69.645904,18.996561,8.00,27.00,0.70,0.70
5.4.2018 11:1:47.0,69.645881,18.996509,8.00,27.00,0.70,0.70
5.4.2018 11:1:50.0,69.645858,18.996459,8.10,27.00,0.70,0.70
5.4.2018 11:1:53.0,69.645835,18.996402,8.00,26.90,0.70,0.70
5.4.2018 11:1:56.0,69.645820,18.996351,8.00,26.90,0.70,0.70
5.4.2018 11:1:59.0,69.645797,18.996301,8.00,26.90,0.70,0.70
5.4.2018 11:2:2.0,69.645782,18.996244,8.00,26.90,0.70,0.70
5.4.2018 11:2:5.0,69.645767,18.996204,8.00,26.90,0.70,0.70
5.4.2018 11:2:8.0,69.645751,18.996156,8.00,27.00,0.70,0.70
5.4.2018 11:2:11.0,69.645729,18.996095,8.00,27.10,0.70,0.70
5.4.2018 11:2:14.0,69.645713,18.996038,8.00,27.00,0.70,0.70
5.4.2018 11:2:17.0,69.645698,18.995973,8.00,27.00,0.70,0.70
5.4.2018 11:2:20.0,69.645683,18.995914,7.90,26.90,0.70,0.70
5.4.2018 11:2:23.0,69.645660,18.995859,7.90,26.90,0.70,0.70
5.4.2018 11:2:26.0,69.645645,18.995800,7.80,26.90,0.70,0.70
5.4.2018 11:2:29.0,69.645629,18.995756,7.80,27.10,0.70,0.70
5.4.2018 11:2:32.0,69.645614,18.995697,7.80,27.20,0.70,0.70
5.4.2018 11:2:35.0,69.645599,18.995655,7.80,27.20,0.80,0.80
5.4.2018 11:2:38.0,69.645584,18.995611,7.80,27.20,0.80,0.80
5.4.2018 11:2:41.0,69.645561,18.995557,7.90,27.40,0.80,0.80
5.4.2018 11:2:44.0,69.645545,18.995504,7.90,27.40,0.80,0.80
5.4.2018 11:2:47.0,69.645530,18.995450,7.90,27.40,0.80,0.80
5.4.2018 11:2:50.0,69.645515,18.995401,8.00,27.50,0.80,0.80
5.4.2018 11:2:53.0,69.645500,18.995346,8.00,27.50,0.80,0.80
5.4.2018 11:2:56.0,69.645484,18.995296,7.80,27.30,0.80,0.80
5.4.2018 11:2:59.0,69.645469,18.995260,7.80,27.40,0.80,0.80
5.4.2018 11:3:2.0,69.645446,18.995212,7.90,27.40,0.90,0.90
5.4.2018 11:3:5.0,69.645439,18.995227,7.90,27.40,0.90,0.90
5.4.2018 11:3:8.0,69.645423,18.995199,7.70,27.40,0.90,0.90
5.4.2018 11:3:11.0,69.645408,18.995117,7.70,27.40,0.90,0.90
5.4.2018 11:3:14.0,69.645385,18.995023,7.80,27.50,0.80,0.80
5.4.2018 11:3:17.0,69.645362,18.994947,7.80,27.50,0.80,0.80
5.4.2018 11:3:20.0,69.645347,18.994855,7.80,27.50,0.80,0.80
5.4.2018 11:3:23.0,69.645339,18.994768,7.80,27.50,0.80,0.80
5.4.2018 11:3:26.0,69.645347,18.994636,7.90,27.60,0.80,0.80
5.4.2018 11:3:29.0,69.645362,18.994539,7.90,27.60,0.80,0.80
5.4.2018 11:3:32.0,69.645362,18.994424,7.90,27.60,0.80,0.80
5.4.2018 11:3:35.0,69.645355,18.994300,7.90,27.50,0.80,0.80
5.4.2018 11:3:38.0,69.645355,18.994180,7.90,27.50,0.80,0.80
5.4.2018 11:3:41.0,69.645370,18.994096,7.90,27.50,0.80,0.80
5.4.2018 11:3:44.0,69.645370,18.993986,8.00,27.50,0.80,0.80
5.4.2018 11:3:47.0,69.645362,18.993875,8.00,27.50,0.80,0.80
5.4.2018 11:3:50.0,69.645355,18.993770,8.00,27.50,0.90,0.90
5.4.2018 11:3:53.0,69.645347,18.993701,8.00,27.50,1.00,0.90
5.4.2018 11:3:56.0,69.645355,18.993669,8.00,27.60,1.00,0.90
5.4.2018 11:3:59.0,69.645355,18.993642,8.00,27.60,1.00,0.90
5.4.2018 11:4:2.0,69.645362,18.993581,8.00,27.60,1.00,0.90
5.4.2018 11:4:5.0,69.645370,18.993572,8.00,27.70,1.00,0.90
5.4.2018 11:18:5.0,69.647750,18.995637,12.10,24.80,0.70,0.70
5.4.2018 11:18:8.0,69.647773,18.995460,11.10,24.60,0.60,0.60
5.4.2018 11:18:11.0,69.647804,18.995494,11.00,24.60,0.60,0.60
5.4.2018 11:18:14.0,69.647842,18.995529,11.00,24.80,0.60,0.60
5.4.2018 11:18:17.0,69.647850,18.995546,11.10,25.20,0.60,0.60
5.4.2018 11:18:20.0,69.647834,18.995439,11.10,24.90,0.60,0.60
5.4.2018 11:18:23.0,69.647834,18.995618,11.10,24.70,0.60,0.60
5.4.2018 11:18:27.0,69.647850,18.996116,11.00,24.60,0.60,0.60
5.4.2018 11:18:31.0,69.647880,18.996135,11.00,24.40,0.60,0.60
5.4.2018 11:18:36.0,69.647895,18.996112,10.90,24.30,0.60,0.60
5.4.2018 11:18:41.0,69.647941,18.996778,10.90,24.30,0.60,0.60
5.4.2018 11:18:46.0,69.647941,18.996831,11.00,24.60,0.70,0.70
5.4.2018 11:18:51.0,69.647956,18.996686,11.00,25.00,0.90,0.80
5.4.2018 11:18:56.0,69.647979,18.996849,11.00,24.90,0.90,0.80
5.4.2018 11:19:1.0,69.648002,18.997009,10.90,24.50,0.80,0.80
5.4.2018 11:19:6.0,69.648017,18.997165,10.90,24.30,0.90,0.80
5.4.2018 11:19:11.0,69.648025,18.997304,10.80,24.30,0.90,0.80
5.4.2018 11:19:16.0,69.648056,18.997463,10.70,24.30,0.90,0.80
5.4.2018 11:19:22.0,69.648071,18.997659,10.70,24.80,0.90,0.80
5.4.2018 11:19:28.0,69.648094,18.997827,10.60,25.10,1.00,0.90
5.4.2018 11:19:34.0,69.648139,18.998003,10.70,25.30,1.00,0.90
5.4.2018 11:19:40.0,69.648139,18.998319,10.70,25.10,1.00,0.90
5.4.2018 11:19:46.0,69.648155,18.998426,10.60,25.20,0.80,0.80
5.4.2018 11:19:52.0,69.648139,18.998817,10.40,25.10,0.90,0.70
5.4.2018 11:19:58.0,69.648147,18.998844,10.40,24.90,0.90,0.80
5.4.2018 11:20:4.0,69.648185,18.998832,10.30,24.60,1.00,0.80
5.4.2018 11:20:10.0,69.648216,18.998935,10.20,24.70,1.00,0.80
5.4.2018 11:20:17.0,69.648262,18.999059,10.10,24.60,1.00,0.80
5.4.2018 11:20:24.0,69.648330,18.999252,9.90,25.10,1.00,0.80
5.4.2018 11:20:31.0,69.648384,18.999410,9.80,25.10,1.00,0.80
5.4.2018 11:20:38.0,69.648429,18.999555,9.70,25.10,1.00,0.90
5.4.2018 11:20:45.0,69.648437,18.999496,9.60,25.10,1.00,0.90
5.4.2018 11:20:52.0,69.648498,18.999839,9.40,25.30,1.10,1.00
5.4.2018 11:20:59.0,69.648506,19.000181,9.40,25.50,1.20,1.10
5.4.2018 11:21:6.0,69.648498,19.000509,9.30,25.50,1.10,1.10
5.4.2018 11:21:14.0,69.648529,19.000757,9.20,25.50,1.30,1.20
5.4.2018 11:21:22.0,69.648536,19.001035,9.20,25.90,1.30,1.20
5.4.2018 11:21:30.0,69.648559,19.001136,9.30,26.00,1.40,1.30
5.4.2018 11:21:38.0,69.648551,19.001255,9.20,26.30,1.40,1.30
5.4.2018 11:21:46.0,69.648597,19.001619,9.20,26.50,1.40,1.30
5.4.2018 11:21:54.0,69.648620,19.001930,9.30,26.80,1.40,1.30
5.4.2018 11:22:3.0,69.648651,19.002332,9.20,26.80,1.30,1.20
5.4.2018 11:22:11.0,69.648658,19.002645,9.20,27.30,1.30,1.20
5.4.2018 11:22:19.0,69.648681,19.002916,9.20,27.50,1.20,1.10
5.4.2018 11:22:27.0,69.648704,19.003234,9.00,27.40,1.10,1.00
5.4.2018 11:22:35.0,69.648727,19.003543,9.10,27.60,1.20,1.10
5.4.2018 11:22:38.0,69.648735,19.003667,9.00,27.80,1.10,1.00
5.4.2018 11:22:41.0,69.648742,19.003765,9.00,27.60,1.00,0.90
5.4.2018 11:22:44.0,69.648765,19.003833,9.00,27.60,1.10,1.00
5.4.2018 11:22:47.0,69.648788,19.003852,9.00,27.60,1.00,0.90
5.4.2018 11:22:50.0,69.648811,19.003875,8.90,27.80,1.00,0.90
5.4.2018 11:22:53.0,69.648849,19.003873,8.90,27.90,1.00,0.90
5.4.2018 11:22:56.0,69.648872,19.003839,8.80,27.70,1.00,0.90
5.4.2018 11:22:59.0,69.648895,19.003818,8.70,27.70,1.00,0.90
5.4.2018 11:23:2.0,69.648925,19.003808,8.70,27.70,1.00,0.90
5.4.2018 11:23:2.0,69.648925,19.003808,8.60,27.70,1.00,0.90
5.4.2018 11:23:14.0,69.649047,19.003763,8.70,28.00,1.00,0.90
5.4.2018 11:23:24.0,69.649093,19.004003,8.80,28.30,1.10,0.90
5.4.2018 11:23:28.0,69.649101,19.004112,8.70,28.40,1.10,0.80
5.4.2018 11:23:38.0,69.649085,19.004411,8.60,28.60,1.10,0.90
5.4.2018 11:23:47.0,69.649085,19.004661,8.90,29.90,1.30,0.90
5.4.2018 11:23:57.0,69.649101,19.004974,9.00,30.70,1.30,0.90
5.4.2018 11:24:6.0,69.649040,19.005914,9.20,31.20,1.40,0.90
5.4.2018 11:24:9.0,69.649040,19.006057,8.70,30.90,1.40,0.90
5.4.2018 11:24:12.0,69.649032,19.006124,8.80,31.00,1.40,0.90
5.4.2018 11:24:15.0,69.649040,19.006153,8.80,31.70,1.40,0.90
5.4.2018 11:24:18.0,69.649040,19.006174,8.90,32.20,1.30,0.90
5.4.2018 11:24:21.0,69.649032,19.006217,9.10,32.50,1.30,0.90
5.4.2018 11:24:24.0,69.649024,19.006237,9.20,33.10,1.30,1.00
5.4.2018 11:24:27.0,69.649024,19.006328,9.20,32.50,1.30,1.00
5.4.2018 11:24:30.0,69.649032,19.006467,9.20,32.10,1.30,1.00
5.4.2018 11:24:33.0,69.649024,19.006591,9.20,32.50,1.30,1.00
5.4.2018 11:24:36.0,69.649017,19.006687,9.30,32.80,1.30,0.90
5.4.2018 11:24:39.0,69.649017,19.006744,9.30,32.80,1.30,0.90
5.4.2018 11:24:42.0,69.649040,19.006797,9.30,32.80,1.20,0.90
5.4.2018 11:24:45.0,69.649093,19.006898,9.40,32.70,1.00,0.90
5.4.2018 11:24:48.0,69.649200,19.007097,9.00,31.90,1.00,0.90
5.4.2018 11:24:51.0,69.649307,19.007236,8.90,31.50,1.00,0.90
5.4.2018 11:24:54.0,69.649368,19.007389,8.80,31.00,1.10,0.90
5.4.2018 11:24:57.0,69.649391,19.007453,8.80,30.70,1.20,0.90
5.4.2018 11:25:0.0,69.649398,19.007463,8.80,30.20,1.20,0.90
5.4.2018 11:25:3.0,69.649406,19.007495,8.70,30.00,1.00,0.90
5.4.2018 11:25:6.0,69.649414,19.007493,8.70,29.90,0.90,0.90
5.4.2018 11:25:9.0,69.649398,19.007553,8.70,29.90,0.90,0.90
5.4.2018 11:25:12.0,69.649398,19.007585,8.60,29.80,0.90,0.90
5.4.2018 11:25:15.0,69.649406,19.007564,8.60,29.80,0.90,0.90
5.4.2018 11:25:18.0,69.649421,19.007556,8.60,29.90,0.90,0.90
5.4.2018 11:25:21.0,69.649452,19.007595,8.60,30.00,0.90,0.90
5.4.2018 11:25:24.0,69.649475,19.007623,8.60,30.30,0.90,0.90
5.4.2018 11:25:27.0,69.649513,19.007625,8.70,31.00,0.80,0.80
5.4.2018 11:25:30.0,69.649536,19.007682,8.80,31.00,0.80,0.80
5.4.2018 11:25:33.0,69.649566,19.007715,8.80,30.80,0.80,0.80
5.4.2018 11:25:36.0,69.649597,19.007740,8.90,30.60,0.80,0.80
5.4.2018 11:25:39.0,69.649627,19.007741,8.90,30.70,0.80,0.80
5.4.2018 11:25:42.0,69.649658,19.007776,8.90,30.40,0.80,0.80
5.4.2018 11:25:45.0,69.649696,19.007818,9.00,30.80,0.80,0.80
5.4.2018 11:25:48.0,69.649726,19.007829,9.00,30.90,0.70,0.70
5.4.2018 11:25:51.0,69.649765,19.007883,9.00,30.80,0.80,0.80
5.4.2018 11:25:54.0,69.649803,19.007938,9.10,30.90,0.80,0.80
5.4.2018 11:25:57.0,69.649841,19.007978,9.10,31.60,0.80,0.80
5.4.2018 11:26:0.0,69.649871,19.008029,9.10,32.20,0.80,0.80
5.4.2018 11:26:3.0,69.649909,19.008083,9.20,32.40,0.80,0.80
5.4.2018 11:26:6.0,69.649955,19.008096,9.20,32.80,0.80,0.80
5.4.2018 11:26:9.0,69.649986,19.008153,9.30,33.80,0.80,0.80
5.4.2018 11:26:9.0,69.650024,19.008192,9.40,33.40,0.70,0.70
5.4.2018 11:26:12.0,69.650054,19.008245,9.40,33.50,0.70,0.70
5.4.2018 11:26:15.0,69.650093,19.008283,9.50,34.30,0.80,0.80
5.4.2018 11:26:18.0,69.650123,19.008312,9.50,34.80,0.80,0.80
5.4.2018 11:26:21.0,69.650154,19.008331,9.60,34.80,0.80,0.80
5.4.2018 11:26:24.0,69.650184,19.008367,9.70,34.90,0.80,0.80
5.4.2018 11:26:27.0,69.650215,19.008396,9.70,34.80,0.80,0.80
5.4.2018 11:26:30.0,69.650245,19.008420,9.80,35.00,0.80,0.80
5.4.2018 11:26:33.0,69.650283,19.008445,9.80,35.60,0.80,0.80
5.4.2018 11:26:36.0,69.650321,19.008487,9.90,35.60,1.00,0.90
5.4.2018 11:26:39.0,69.650352,19.008535,10.00,35.00,1.00,0.90
5.4.2018 11:26:42.0,69.650360,19.008613,10.00,34.90,1.20,0.90
5.4.2018 11:26:45.0,69.650360,19.008705,10.10,34.70,1.20,0.90
5.4.2018 11:26:48.0,69.650367,19.008741,10.10,34.10,1.20,0.90
5.4.2018 11:26:51.0,69.650367,19.008798,10.20,34.10,1.20,0.90
5.4.2018 11:26:54.0,69.650375,19.008605,10.20,33.70,1.20,0.90
5.4.2018 11:26:57.0,69.650596,19.007883,10.20,33.20,1.20,0.90
5.4.2018 11:27:3.0,69.651306,19.005691,10.20,33.00,1.20,0.90
5.4.2018 11:27:6.0,69.650901,19.008596,10.10,32.40,1.20,0.90
5.4.2018 11:27:9.0,69.650672,19.008899,10.10,31.80,1.20,0.90
5.4.2018 11:27:12.0,69.650444,19.009113,10.20,31.80,1.40,0.90
5.4.2018 11:27:15.0,69.650405,19.009159,10.30,31.80,1.30,1.00
5.4.2018 11:27:18.0,69.650367,19.009275,10.30,31.30,1.20,0.90
5.4.2018 11:27:21.0,69.650344,19.009363,10.20,31.00,1.20,0.90
5.4.2018 11:27:24.0,69.650321,19.009466,10.30,30.60,1.20,0.90
5.4.2018 11:27:27.0,69.650306,19.009561,10.30,30.60,1.20,0.90
5.4.2018 11:27:30.0,69.650299,19.009666,10.30,30.30,1.20,0.90
5.4.2018 11:27:33.0,69.650283,19.009786,10.30,30.00,1.10,0.90
5.4.2018 11:27:36.0,69.650276,19.009899,10.30,29.40,1.00,0.90
5.4.2018 11:27:39.0,69.650268,19.009992,10.20,29.20,1.00,0.80
5.4.2018 11:27:42.0,69.650276,19.010099,10.30,29.20,0.80,0.80
5.4.2018 11:27:45.0,69.650291,19.010208,10.20,28.70,0.80,0.80
5.4.2018 11:27:48.0,69.650291,19.010301,10.10,28.40,0.80,0.80
5.4.2018 11:27:51.0,69.650291,19.010402,10.10,28.30,0.80,0.80
5.4.2018 11:27:54.0,69.650291,19.010498,10.10,28.40,0.80,0.80
5.4.2018 11:27:57.0,69.650283,19.010587,10.00,28.50,0.70,0.70
5.4.2018 11:28:0.0,69.650283,19.010700,10.10,28.60,0.70,0.70
5.4.2018 11:28:3.0,69.650299,19.010780,10.10,28.70,0.70,0.70
5.4.2018 11:28:6.0,69.650306,19.010866,10.10,28.40,0.70,0.70
5.4.2018 11:28:9.0,69.650314,19.010955,10.10,28.40,0.70,0.70
5.4.2018 11:28:12.0,69.650329,19.011037,10.10,28.20,0.70,0.70
5.4.2018 11:28:15.0,69.650360,19.011119,10.10,27.90,0.70,0.70
5.4.2018 11:28:18.0,69.650360,19.011199,10.10,27.80,0.70,0.70
5.4.2018 11:28:21.0,69.650382,19.011289,10.10,27.90,0.70,0.70
5.4.2018 11:28:24.0,69.650405,19.011369,10.10,27.90,0.70,0.70
5.4.2018 11:28:27.0,69.650421,19.011466,10.10,27.90,0.70,0.70
5.4.2018 11:28:30.0,69.650436,19.011537,10.10,28.10,0.70,0.70
5.4.2018 11:28:33.0,69.650459,19.011621,10.10,28.20,0.60,0.60
5.4.2018 11:28:36.0,69.650474,19.011718,10.10,28.30,0.60,0.60
5.4.2018 11:28:39.0,69.650497,19.011793,10.20,28.40,0.70,0.70
5.4.2018 11:28:42.0,69.650520,19.011871,10.20,28.40,0.60,0.60
5.4.2018 11:28:45.0,69.650550,19.011932,10.20,28.50,0.70,0.70
5.4.2018 11:28:48.0,69.650558,19.011999,10.20,28.70,0.70,0.70
5.4.2018 11:28:51.0,69.650581,19.012075,10.20,28.60,0.70,0.70
5.4.2018 11:28:54.0,69.650627,19.011800,10.10,28.30,0.70,0.70
5.4.2018 11:28:57.0,69.650642,19.011928,10.00,28.10,0.60,0.60
5.4.2018 11:29:0.0,69.650665,19.012081,10.00,28.10,0.60,0.60
5.4.2018 11:29:3.0,69.650688,19.012218,10.00,27.90,0.60,0.60
5.4.2018 11:29:6.0,69.650711,19.012344,10.10,27.90,0.60,0.60
5.4.2018 11:29:9.0,69.650733,19.012454,10.10,28.00,0.60,0.60
5.4.2018 11:29:12.0,69.650749,19.012556,10.10,28.10,0.60,0.60
5.4.2018 11:29:15.0,69.650772,19.012693,10.10,28.10,0.70,0.70
5.4.2018 11:29:18.0,69.650794,19.012815,10.10,28.10,0.60,0.60
5.4.2018 11:29:21.0,69.650802,19.012889,10.00,27.90,0.60,0.60
5.4.2018 11:29:24.0,69.650817,19.012977,10.00,27.90,0.60,0.60
5.4.2018 11:29:27.0,69.650825,19.013072,10.00,28.00,0.60,0.60
5.4.2018 11:29:30.0,69.650840,19.013179,10.00,27.90,0.70,0.70
5.4.2018 11:29:33.0,69.650871,19.013261,10.00,27.80,0.70,0.70
5.4.2018 11:29:36.0,69.650894,19.013345,10.00,28.20,1.00,0.70
5.4.2018 11:29:39.0,69.650909,19.013423,10.10,28.10,1.00,0.70
5.4.2018 11:29:42.0,69.650924,19.013507,10.10,28.20,1.00,0.70
5.4.2018 11:29:45.0,69.650947,19.013589,10.10,28.10,1.00,0.70
5.4.2018 11:29:48.0,69.650970,19.013685,10.10,27.80,1.00,0.60
5.4.2018 11:29:51.0,69.651000,19.013782,10.10,27.60,1.00,0.60
5.4.2018 11:29:54.0,69.651016,19.013809,10.10,27.90,1.00,0.60
5.4.2018 11:29:57.0,69.651008,19.013837,10.10,28.20,1.10,0.60
5.4.2018 11:30:0.0,69.651023,19.013946,10.10,27.90,1.10,0.70
5.4.2018 11:30:3.0,69.651054,19.014053,10.10,28.00,1.10,0.70
5.4.2018 11:30:6.0,69.651107,19.014123,10.20,28.50,1.10,0.70
5.4.2018 11:30:10.0,69.651168,19.014204,10.10,28.50,1.10,0.70
5.4.2018 11:30:14.0,69.651222,19.014175,10.20,28.50,1.10,0.70
5.4.2018 11:30:18.0,69.651260,19.014181,10.30,28.40,1.10,0.70
5.4.2018 11:30:22.0,69.651313,19.014192,10.30,28.00,1.10,0.70
5.4.2018 11:30:26.0,69.651367,19.014226,10.10,27.40,1.10,0.70
5.4.2018 11:30:31.0,69.651428,19.014238,10.00,27.20,1.10,0.70
5.4.2018 11:30:36.0,69.651489,19.014226,9.90,28.00,0.70,0.70
5.4.2018 11:30:41.0,69.651573,19.014190,9.90,28.20,0.70,0.70
5.4.2018 11:30:46.0,69.651641,19.014181,10.00,27.70,0.70,0.70
5.4.2018 11:30:52.0,69.651710,19.014209,10.00,27.50,0.70,0.70
5.4.2018 11:30:58.0,69.651741,19.014192,10.00,27.60,0.70,0.70
5.4.2018 11:31:4.0,69.651741,19.014024,10.00,27.80,0.80,0.80
5.4.2018 11:31:10.0,69.651733,19.014114,10.00,28.40,0.70,0.70
