Time,Latitude,Longitude,PM10,PM25,Humidity,Temperature
00.00. 00:00:00.00,69.649497,19.00777,9.2,1.2,70.6,3.9
00.00. 00:00:00.00,69.649475,19.007732,9.2,1.2,69.7,3.9
00.00. 00:00:00.00,69.649444,19.007663,9.1,1.1,72.7,3.7
00.00. 00:00:00.00,69.649436,19.007633,9,1.1,72.7,3.7
00.00. 00:00:00.00,69.649421,19.007579,8.6,1.1,71.7,3.7
00.00. 00:00:00.00,69.649421,19.00756,8.4,1.1,71.7,3.7
00.00. 00:00:00.00,69.649406,19.007509,7.2,1.1,69.1,3.6
00.00. 00:00:00.00,69.649391,19.007476,6.7,1,69.1,3.6
00.00. 00:00:00.00,69.64933,19.007329,16.6,1.5,72,3.4
00.00. 00:00:00.00,69.649345,19.007356,13.1,1.3,72,3.4
00.00. 00:00:00.00,69.649368,19.007432,6.2,1,69,3.4
00.00. 00:00:00.00,69.64936,19.007408,6,0.9,69,3.4
00.00. 00:00:00.00,69.649299,19.007266,16.2,1.5,71.3,3.3
00.00. 00:00:00.00,69.649284,19.007236,16.1,1.5,71.3,3.3
00.00. 00:00:00.00,69.649269,19.007183,15.9,1.4,76.7,3.2
00.00. 00:00:00.00,69.649261,19.007154,15.8,1.4,76.7,3.2
00.00. 00:00:00.00,69.649238,19.007106,15.8,1.4,76.8,3.2
00.00. 00:00:00.00,69.64923,19.007076,15.8,1.4,76.8,3.2
00.00. 00:00:00.00,69.649208,19.007019,15.3,1.4,77.9,3.2
00.00. 00:00:00.00,69.649185,19.006965,14.9,1.4,77.4,3.2
00.00. 00:00:00.00,69.649177,19.006942,14.7,1.4,77.4,3.2
00.00. 00:00:00.00,69.649124,19.006807,14.7,1.4,80.9,3.2
00.00. 00:00:00.00,69.649108,19.006778,14.5,1.4,80.9,3.2
00.00. 00:00:00.00,69.649093,19.006719,14.4,1.4,80.6,3.2
00.00. 00:00:00.00,69.649093,19.006689,14.4,1.4,80.6,3.2
00.00. 00:00:00.00,69.649047,19.005632,13.5,1.3,86.4,3.2
00.00. 00:00:00.00,69.649055,19.005563,13.5,1.3,86.4,3.2
00.00. 00:00:00.00,69.649055,19.006517,13.3,1.3,81.4,3.2
00.00. 00:00:00.00,69.649047,19.006481,13.3,1.3,81.4,3.2
00.00. 00:00:00.00,69.649147,19.006862,14.8,1.4,78.8,3.1
00.00. 00:00:00.00,69.649154,19.006889,14.6,1.4,78.8,3.1
00.00. 00:00:00.00,69.649047,19.005493,13.5,1.4,85.1,3.1
00.00. 00:00:00.00,69.649055,19.005426,13.5,1.4,85,3.1
00.00. 00:00:00.00,69.649078,19.006628,14.1,1.3,79.1,3.1
00.00. 00:00:00.00,69.64907,19.006591,13.7,1.3,79.1,3.1
00.00. 00:00:00.00,69.649017,19.006204,13.6,1.3,83.1,3.1
00.00. 00:00:00.00,69.649017,19.006175,13.6,1.3,83.1,3.1
00.00. 00:00:00.00,69.649017,19.006072,13.6,1.3,83.6,3.1
00.00. 00:00:00.00,69.649024,19.00601,13.6,1.3,83.6,3.1
00.00. 00:00:00.00,69.649024,19.005937,13.6,1.3,84.9,3.1
00.00. 00:00:00.00,69.649024,19.005908,13.6,1.3,84.9,3.1
00.00. 00:00:00.00,69.649017,19.006328,13.5,1.3,82,3.1
00.00. 00:00:00.00,69.649017,19.00629,13.5,1.3,82,3.1
00.00. 00:00:00.00,69.649032,19.005844,13.5,1.3,85.5,3.1
00.00. 00:00:00.00,69.64904,19.005775,13.5,1.3,86.1,3.1
00.00. 00:00:00.00,69.649047,19.005693,13.5,1.3,86.1,3.1
00.00. 00:00:00.00,69.649032,19.006406,13.4,1.3,82.1,3.1
00.00. 00:00:00.00,69.649063,19.005365,6.6,1,85,3.1
00.00. 00:00:00.00,69.64907,19.005271,3.9,0.8,86.8,3.1
00.00. 00:00:00.00,69.64907,19.005317,3.4,0.8,86.8,3.1
00.00. 00:00:00.00,69.648689,19.003154,17.9,5,89.3,2.6
00.00. 00:00:00.00,69.648689,19.003185,17,4.7,89.3,2.6
00.00. 00:00:00.00,69.648681,19.003063,18.9,5.4,88.8,2.5
00.00. 00:00:00.00,69.648681,19.003097,18.6,5.3,88.8,2.5
00.00. 00:00:00.00,69.648689,19.003128,18.2,5.1,88.8,2.5
00.00. 00:00:00.00,69.648696,19.003253,15.1,4.2,89.3,2.5
00.00. 00:00:00.00,69.648628,19.002231,26.3,8.3,91.6,2.4
00.00. 00:00:00.00,69.648628,19.002197,26.1,8.3,91.6,2.4
00.00. 00:00:00.00,69.648628,19.002161,25.6,8.2,91.6,2.4
00.00. 00:00:00.00,69.648628,19.002124,25.1,8.2,91.6,2.4
00.00. 00:00:00.00,69.648628,19.002088,24.5,8.1,91.6,2.4
00.00. 00:00:00.00,69.648628,19.002056,24.1,8.1,91.5,2.4
00.00. 00:00:00.00,69.64862,19.002023,23.7,8,91.5,2.4
00.00. 00:00:00.00,69.64862,19.001956,23.6,7.9,91.4,2.4
00.00. 00:00:00.00,69.64862,19.001989,23.4,7.9,91.5,2.4
00.00. 00:00:00.00,69.64862,19.001892,24,7.8,91.4,2.4
00.00. 00:00:00.00,69.64862,19.001922,23.8,7.8,91.4,2.4
00.00. 00:00:00.00,69.648674,19.002895,21.3,6.1,90.7,2.4
00.00. 00:00:00.00,69.648674,19.002929,21.1,6.1,90.7,2.4
00.00. 00:00:00.00,69.648681,19.002964,21,6,88.5,2.4
00.00. 00:00:00.00,69.648681,19.002996,20.3,5.8,88.5,2.4
00.00. 00:00:00.00,69.648681,19.003025,19.6,5.6,88.5,2.4
00.00. 00:00:00.00,69.648612,19.001853,23.9,7.7,90.9,2.3
00.00. 00:00:00.00,69.648612,19.001815,23.8,7.7,90.9,2.3
00.00. 00:00:00.00,69.648612,19.001785,23.7,7.6,90.9,2.3
00.00. 00:00:00.00,69.648605,19.001762,23.5,7.5,90.4,2.2
00.00. 00:00:00.00,69.648605,19.001737,23.4,7.5,90.4,2.2
00.00. 00:00:00.00,69.648605,19.001707,23.3,7.4,90.4,2.2
00.00. 00:00:00.00,69.648605,19.001674,23.1,7.3,90.7,2.1
00.00. 00:00:00.00,69.648605,19.00164,22.9,7.2,90.7,2.1
00.00. 00:00:00.00,69.648597,19.001607,22.7,7.1,90.7,2.1
00.00. 00:00:00.00,69.648597,19.001569,22.2,7,90.5,2
00.00. 00:00:00.00,69.648597,19.001533,21.8,6.9,90.5,2
00.00. 00:00:00.00,69.648597,19.001502,21.4,6.9,90.5,2
00.00. 00:00:00.00,69.648597,19.001468,21.1,6.8,90.1,1.9
00.00. 00:00:00.00,69.64859,19.001436,20.8,6.7,90.1,1.9
00.00. 00:00:00.00,69.64859,19.001399,20.5,6.6,90.1,1.9
00.00. 00:00:00.00,69.64859,19.001369,20.3,6.5,89.6,1.8
00.00. 00:00:00.00,69.64859,19.001337,20,6.4,89.6,1.8
00.00. 00:00:00.00,69.64859,19.001298,19.7,6.3,89.6,1.8
00.00. 00:00:00.00,69.64859,19.001264,19,6.1,89.7,1.8
00.00. 00:00:00.00,69.64859,19.001234,18.2,5.8,89.7,1.8
00.00. 00:00:00.00,69.64859,19.001201,17.4,5.6,89.7,1.8
00.00. 00:00:00.00,69.64859,19.001163,16.7,5.4,89.5,1.7
00.00. 00:00:00.00,69.648582,19.001125,15.9,5.1,89.5,1.7
00.00. 00:00:00.00,69.648582,19.00105,14.7,4.7,90,1.7
00.00. 00:00:00.00,69.648574,19.001016,14.4,4.6,90,1.7
00.00. 00:00:00.00,69.648574,19.000944,13.6,4.2,90,1.6
00.00. 00:00:00.00,69.648574,19.000905,13.2,4,90,1.6
00.00. 00:00:00.00,69.648567,19.000825,12.8,3.8,89.8,1.6
00.00. 00:00:00.00,69.648567,19.00078,12.8,3.7,89.8,1.6
00.00. 00:00:00.00,69.648559,19.000698,12.2,3.4,90.1,1.5
00.00. 00:00:00.00,69.648559,19.000652,11.4,3.1,90.1,1.5
00.00. 00:00:00.00,69.648559,19.000555,9.9,2.5,90,1.5
00.00. 00:00:00.00,69.648551,19.000465,8.5,1.9,89.2,1.4
00.00. 00:00:00.00,69.648551,19.000423,7.9,1.7,89.2,1.4
00.00. 00:00:00.00,69.648544,19.000341,6.8,1.3,89.4,1.4
00.00. 00:00:00.00,69.648544,19.000301,6.8,1.3,89.4,1.4
00.00. 00:00:00.00,69.647682,18.986022,4.8,1.7,99.9,1.3
00.00. 00:00:00.00,69.647682,18.986022,4.5,1.6,99.9,1.3
00.00. 00:00:00.00,69.647697,18.986022,4.5,1.6,99.9,1.3
00.00. 00:00:00.00,69.647697,18.986026,4.5,1.6,99.9,1.3
00.00. 00:00:00.00,69.647689,18.986021,4.4,1.6,99.9,1.3
00.00. 00:00:00.00,69.647689,18.986026,4.5,1.5,99.9,1.3
00.00. 00:00:00.00,69.647689,18.986026,4.4,1.5,99.9,1.3
00.00. 00:00:00.00,69.647689,18.986026,4.4,1.5,99.9,1.3
00.00. 00:00:00.00,69.648529,19.000209,6.7,1.2,89.6,1.3
00.00. 00:00:00.00,69.648529,19.000169,6.6,1.2,89.6,1.3
00.00. 00:00:00.00,69.648521,19.000089,6.6,1.2,89.9,1.3
00.00. 00:00:00.00,69.648521,19.000051,6.6,1.2,89.9,1.3
00.00. 00:00:00.00,69.647689,18.985996,21.5,6.1,99.9,1.2
00.00. 00:00:00.00,69.647689,18.985998,21.5,6.1,99.9,1.2
00.00. 00:00:00.00,69.647689,18.985998,21.4,6.1,99.9,1.2
00.00. 00:00:00.00,69.647689,18.985996,21.6,6,99.9,1.2
00.00. 00:00:00.00,69.647689,18.985994,21.5,6,99.9,1.2
00.00. 00:00:00.00,69.647689,18.985996,21.5,6,99.9,1.2
00.00. 00:00:00.00,69.647689,18.985998,21.4,6,99.9,1.2
00.00. 00:00:00.00,69.647689,18.986,21.3,6,99.9,1.2
00.00. 00:00:00.00,69.647689,18.985992,21.5,5.9,99.9,1.2
00.00. 00:00:00.00,69.647697,18.985982,21.4,5.9,99.9,1.2
00.00. 00:00:00.00,69.647689,18.985984,21.4,5.9,99.9,1.2
00.00. 00:00:00.00,69.647689,18.985986,21.4,5.9,99.9,1.2
00.00. 00:00:00.00,69.647689,18.985988,21.4,5.9,99.9,1.2
00.00. 00:00:00.00,69.647689,18.985998,21.2,5.9,99.9,1.2
00.00. 00:00:00.00,69.647697,18.986001,21.2,5.9,99.9,1.2
00.00. 00:00:00.00,69.647697,18.986003,21.1,5.9,99.9,1.2
00.00. 00:00:00.00,69.647697,18.985979,21.3,5.8,99.9,1.2
00.00. 00:00:00.00,69.647697,18.98598,21.3,5.8,99.9,1.2
00.00. 00:00:00.00,69.647705,18.985973,21.1,5.8,99.9,1.2
00.00. 00:00:00.00,69.647697,18.985975,21.1,5.8,99.9,1.2
00.00. 00:00:00.00,69.647697,18.986003,21.1,5.8,99.9,1.2
00.00. 00:00:00.00,69.647705,18.985975,21,5.8,99.9,1.2
00.00. 00:00:00.00,69.647697,18.985975,21,5.8,99.9,1.2
00.00. 00:00:00.00,69.647705,18.985975,20.9,5.8,99.9,1.2
00.00. 00:00:00.00,69.647697,18.985973,20.8,5.8,99.9,1.2
00.00. 00:00:00.00,69.647697,18.985975,20.8,5.8,99.9,1.2
00.00. 00:00:00.00,69.647697,18.985969,20.5,5.8,99.9,1.2
00.00. 00:00:00.00,69.647697,18.985969,20.2,5.8,99.9,1.2
00.00. 00:00:00.00,69.647697,18.985975,21.3,5.7,99.9,1.2
00.00. 00:00:00.00,69.647705,18.986001,21,5.7,99.9,1.2
00.00. 00:00:00.00,69.647697,18.985965,20.1,5.7,99.9,1.2
00.00. 00:00:00.00,69.647705,18.986003,17.6,5.6,99.9,1.2
00.00. 00:00:00.00,69.647705,18.986,10.9,5.3,99.9,1.2
00.00. 00:00:00.00,69.647705,18.985994,10.6,5.3,99.9,1.2
00.00. 00:00:00.00,69.647705,18.985992,10,5.2,99.9,1.2
00.00. 00:00:00.00,69.647705,18.985992,10,5.1,99.9,1.2
00.00. 00:00:00.00,69.647697,18.985994,9.9,5.1,99.9,1.2
00.00. 00:00:00.00,69.647697,18.985996,9.8,5,99.9,1.2
00.00. 00:00:00.00,69.647697,18.985998,9.7,4.9,99.9,1.2
00.00. 00:00:00.00,69.647697,18.986001,9.6,4.8,99.9,1.2
00.00. 00:00:00.00,69.647697,18.986005,9.6,4.8,99.9,1.2
00.00. 00:00:00.00,69.647697,18.986003,9.4,4.7,99.9,1.2
00.00. 00:00:00.00,69.647697,18.986011,8.9,4.4,99.9,1.2
00.00. 00:00:00.00,69.647697,18.986015,8.9,4.3,99.9,1.2
00.00. 00:00:00.00,69.647697,18.986019,8.8,4.2,99.9,1.2
00.00. 00:00:00.00,69.647705,18.986022,8.8,4.2,99.9,1.2
00.00. 00:00:00.00,69.647705,18.986022,8.8,4.1,99.9,1.2
00.00. 00:00:00.00,69.647697,18.986017,8.4,4,99.9,1.2
00.00. 00:00:00.00,69.647705,18.986022,8.3,4,99.9,1.2
00.00. 00:00:00.00,69.647697,18.986021,8.3,4,99.9,1.2
00.00. 00:00:00.00,69.647705,18.986022,8,4,99.9,1.2
00.00. 00:00:00.00,69.647697,18.986009,7.9,3.8,99.9,1.2
00.00. 00:00:00.00,69.647697,18.986003,7.6,3.8,99.9,1.2
00.00. 00:00:00.00,69.647689,18.985996,7.4,3.6,99.9,1.2
00.00. 00:00:00.00,69.647689,18.985988,7.2,3.5,99.9,1.2
00.00. 00:00:00.00,69.647689,18.985986,7.1,3.5,99.9,1.2
00.00. 00:00:00.00,69.647682,18.98598,6.8,3.4,99.9,1.2
00.00. 00:00:00.00,69.647682,18.985979,6.8,3.4,99.9,1.2
00.00. 00:00:00.00,69.647682,18.985975,6.4,3.2,99.9,1.2
00.00. 00:00:00.00,69.647682,18.985973,6.2,3.1,99.9,1.2
00.00. 00:00:00.00,69.647682,18.985967,5.9,3,99.9,1.2
00.00. 00:00:00.00,69.647682,18.985967,5.9,2.9,99.9,1.2
00.00. 00:00:00.00,69.647682,18.985969,5.9,2.9,99.9,1.2
00.00. 00:00:00.00,69.647682,18.985967,5.8,2.9,99.9,1.2
00.00. 00:00:00.00,69.647689,18.985969,5.8,2.8,99.9,1.2
00.00. 00:00:00.00,69.647689,18.985969,5.7,2.7,99.9,1.2
00.00. 00:00:00.00,69.647689,18.985965,5.2,2.7,99.9,1.2
00.00. 00:00:00.00,69.647689,18.985969,8.1,2.6,99.9,1.2
00.00. 00:00:00.00,69.647689,18.985963,4.4,2.6,99.9,1.2
00.00. 00:00:00.00,69.647689,18.985971,6.2,2.5,99.9,1.2
00.00. 00:00:00.00,69.647682,18.985969,6.1,2.5,99.9,1.2
00.00. 00:00:00.00,69.647682,18.985967,4.9,2.5,99.9,1.2
00.00. 00:00:00.00,69.647682,18.985965,4.3,2.5,99.9,1.2
00.00. 00:00:00.00,69.647682,18.98599,4.5,2.1,99.9,1.2
00.00. 00:00:00.00,69.647682,18.985992,4.5,2.1,99.9,1.2
00.00. 00:00:00.00,69.647682,18.985996,4.5,2.1,99.9,1.2
00.00. 00:00:00.00,69.647682,18.985992,4.4,2.1,99.9,1.2
00.00. 00:00:00.00,69.647682,18.985992,4.4,2.1,99.9,1.2
00.00. 00:00:00.00,69.647682,18.985992,4.4,2.1,99.9,1.2
00.00. 00:00:00.00,69.647674,18.985988,4.3,2.1,99.9,1.2
00.00. 00:00:00.00,69.647674,18.985988,4.3,2.1,99.9,1.2
00.00. 00:00:00.00,69.647674,18.98599,4.3,2.1,99.9,1.2
00.00. 00:00:00.00,69.647682,18.98599,4.3,2.1,99.9,1.2
00.00. 00:00:00.00,69.647682,18.985994,4.2,2.1,99.9,1.2
00.00. 00:00:00.00,69.647674,18.98599,4.1,2.1,99.9,1.2
00.00. 00:00:00.00,69.647682,18.985998,4,2.1,99.9,1.2
00.00. 00:00:00.00,69.647674,18.98599,3.9,2.1,99.9,1.2
00.00. 00:00:00.00,69.647689,18.986013,4,2,99.9,1.2
00.00. 00:00:00.00,69.647674,18.985992,3.7,2,99.9,1.2
00.00. 00:00:00.00,69.647682,18.986,3.7,2,99.9,1.2
00.00. 00:00:00.00,69.647682,18.986001,3.7,2,99.9,1.2
00.00. 00:00:00.00,69.647682,18.986005,3.7,2,99.9,1.2
00.00. 00:00:00.00,69.647674,18.98599,3.6,2,99.9,1.2
00.00. 00:00:00.00,69.647674,18.985992,3.5,2,99.9,1.2
00.00. 00:00:00.00,69.647682,18.986022,5.7,1.9,99.9,1.2
00.00. 00:00:00.00,69.647682,18.986022,5.6,1.9,99.9,1.2
00.00. 00:00:00.00,69.647682,18.986019,5.5,1.9,99.9,1.2
00.00. 00:00:00.00,69.647689,18.986011,3.9,1.9,99.9,1.2
00.00. 00:00:00.00,69.647689,18.986015,3.9,1.9,99.9,1.2
00.00. 00:00:00.00,69.647689,18.986013,3.9,1.9,99.9,1.2
00.00. 00:00:00.00,69.647689,18.986017,3.9,1.9,99.9,1.2
00.00. 00:00:00.00,69.647689,18.986019,3.9,1.9,99.9,1.2
00.00. 00:00:00.00,69.647682,18.986007,3.7,1.9,99.9,1.2
00.00. 00:00:00.00,69.647682,18.986005,3.6,1.9,99.9,1.2
00.00. 00:00:00.00,69.647682,18.986007,3.6,1.9,99.9,1.2
00.00. 00:00:00.00,69.647682,18.986007,3.6,1.9,99.9,1.2
00.00. 00:00:00.00,69.647682,18.986009,3.6,1.9,99.9,1.2
00.00. 00:00:00.00,69.647682,18.986028,5.7,1.8,99.9,1.2
00.00. 00:00:00.00,69.647682,18.986022,5.7,1.8,99.9,1.2
00.00. 00:00:00.00,69.647689,18.986028,5.6,1.8,99.9,1.2
00.00. 00:00:00.00,69.647689,18.986028,5.6,1.8,99.9,1.2
00.00. 00:00:00.00,69.647682,18.986024,5.4,1.8,99.9,1.2
00.00. 00:00:00.00,69.647682,18.986024,5.3,1.8,99.9,1.2
00.00. 00:00:00.00,69.647682,18.986022,5.3,1.8,99.9,1.2
00.00. 00:00:00.00,69.647682,18.986026,5.3,1.8,99.9,1.2
00.00. 00:00:00.00,69.647682,18.986024,5.3,1.8,99.9,1.2
00.00. 00:00:00.00,69.647682,18.986024,5.3,1.8,99.9,1.2
00.00. 00:00:00.00,69.647682,18.986024,5.2,1.8,99.9,1.2
00.00. 00:00:00.00,69.647689,18.986022,5.1,1.8,99.9,1.2
00.00. 00:00:00.00,69.647689,18.986024,4.5,1.8,99.9,1.2
00.00. 00:00:00.00,69.647689,18.986022,4,1.8,99.9,1.2
00.00. 00:00:00.00,69.647689,18.986019,3.9,1.8,99.9,1.2
00.00. 00:00:00.00,69.647689,18.986017,3.9,1.8,99.9,1.2
00.00. 00:00:00.00,69.647689,18.986022,3.9,1.8,99.9,1.2
00.00. 00:00:00.00,69.647682,18.985992,3.7,1.8,99.9,1.2
00.00. 00:00:00.00,69.647682,18.985992,3.7,1.8,99.9,1.2
00.00. 00:00:00.00,69.647682,18.985996,3.7,1.8,99.9,1.2
00.00. 00:00:00.00,69.647682,18.985996,3.7,1.8,99.9,1.2
00.00. 00:00:00.00,69.647682,18.985998,3.7,1.8,99.9,1.2
00.00. 00:00:00.00,69.647682,18.985996,3.6,1.8,99.9,1.2
00.00. 00:00:00.00,69.647682,18.985996,3.4,1.8,99.9,1.2
00.00. 00:00:00.00,69.647682,18.985996,3.3,1.7,99.9,1.2
00.00. 00:00:00.00,69.647682,18.985996,3.2,1.7,99.9,1.2
00.00. 00:00:00.00,69.647689,18.986017,4.3,1.6,99.9,1.2
00.00. 00:00:00.00,69.647689,18.986017,4.2,1.6,99.9,1.2
00.00. 00:00:00.00,69.647689,18.986019,4.1,1.6,99.9,1.2
00.00. 00:00:00.00,69.647689,18.986019,4.1,1.6,99.9,1.2
00.00. 00:00:00.00,69.648208,18.998756,5.5,1.4,96.5,1.2
00.00. 00:00:00.00,69.648216,18.998796,5.2,1.4,96.5,1.2
00.00. 00:00:00.00,69.648223,18.998878,4.8,1.3,96.6,1.2
00.00. 00:00:00.00,69.64833,18.99924,4.6,1.3,96.6,1.2
00.00. 00:00:00.00,69.648231,18.998924,4.6,1.3,96.6,1.2
00.00. 00:00:00.00,69.648315,18.999191,4.5,1.3,96.4,1.2
00.00. 00:00:00.00,69.6483,18.999166,4.5,1.3,96.4,1.2
00.00. 00:00:00.00,69.648284,18.999116,4.5,1.3,96.6,1.2
00.00. 00:00:00.00,69.648277,18.999094,4.5,1.3,96.6,1.2
00.00. 00:00:00.00,69.648262,18.999032,4.4,1.3,96.6,1.2
00.00. 00:00:00.00,69.648513,18.999977,6.6,1.2,94.8,1.2
00.00. 00:00:00.00,69.648506,18.99994,6.4,1.2,94.8,1.2
00.00. 00:00:00.00,69.648406,18.999423,4.6,1.2,96.3,1.2
00.00. 00:00:00.00,69.648345,18.999265,4.6,1.2,96.6,1.2
00.00. 00:00:00.00,69.648399,18.999399,4.5,1.2,96.3,1.2
00.00. 00:00:00.00,69.648376,18.999347,4.5,1.2,96.4,1.2
00.00. 00:00:00.00,69.648368,18.99932,4.5,1.2,96.4,1.2
00.00. 00:00:00.00,69.648246,18.999,4.3,1.2,96.6,1.2
00.00. 00:00:00.00,69.647697,18.985956,20.2,5.7,99.9,1.1
00.00. 00:00:00.00,69.647697,18.985963,20.1,5.7,99.9,1.1
00.00. 00:00:00.00,69.647697,18.98596,20,5.7,99.9,1.1
00.00. 00:00:00.00,69.647697,18.985912,20.7,5.5,99.9,1.1
00.00. 00:00:00.00,69.647689,18.985912,21.1,5.4,99.9,1.1
00.00. 00:00:00.00,69.647697,18.98591,21,5.4,99.9,1.1
00.00. 00:00:00.00,69.647697,18.98591,20.9,5.4,99.9,1.1
00.00. 00:00:00.00,69.647697,18.98591,20.7,5.4,99.9,1.1
00.00. 00:00:00.00,69.647689,18.985914,17.3,5.2,99.9,1.1
00.00. 00:00:00.00,69.647689,18.985916,13.6,5,99.9,1.1
00.00. 00:00:00.00,69.647689,18.985916,9.8,4.8,99.9,1.1
00.00. 00:00:00.00,69.647689,18.985918,9.8,4.7,99.9,1.1
00.00. 00:00:00.00,69.647697,18.986003,9.2,4.5,99.9,1.1
00.00. 00:00:00.00,69.647697,18.986007,9.1,4.5,99.9,1.1
00.00. 00:00:00.00,69.6482,18.998685,5.1,1.4,96.5,1.1
00.00. 00:00:00.00,69.648117,18.998519,4,1.4,96.8,1.1
00.00. 00:00:00.00,69.648109,18.998466,4,1.4,96.4,1.1
00.00. 00:00:00.00,69.648086,18.998191,4,1.4,96.7,1.1
00.00. 00:00:00.00,69.648109,18.998409,3.9,1.4,96.4,1.1
00.00. 00:00:00.00,69.648094,18.99826,3.9,1.4,96.5,1.1
00.00. 00:00:00.00,69.648101,18.998338,3.8,1.4,96.5,1.1
00.00. 00:00:00.00,69.648178,18.998645,5,1.3,96.4,1.1
00.00. 00:00:00.00,69.648193,18.998668,4.9,1.3,96.5,1.1
00.00. 00:00:00.00,69.648155,18.998603,4.7,1.3,96.4,1.1
00.00. 00:00:00.00,69.648132,18.998563,3.9,1.3,96.8,1.1
00.00. 00:00:00.00,69.648506,18.99987,6.1,1.2,94.8,1.1
00.00. 00:00:00.00,69.648437,18.999515,4.7,1.2,95.9,1.1
00.00. 00:00:00.00,69.648422,18.999486,4.6,1.2,95.9,1.1
00.00. 00:00:00.00,69.64849,18.999767,6.3,1.3,94.7,1
00.00. 00:00:00.00,69.64849,18.999803,6.2,1.3,94.7,1
00.00. 00:00:00.00,69.648475,18.999706,5.3,1.3,95,1
00.00. 00:00:00.00,69.648468,18.999671,4.9,1.3,95,1
00.00. 00:00:00.00,69.64846,18.999607,4.8,1.2,95.5,1
00.00. 00:00:00.00,69.648452,18.999576,4.8,1.2,95.5,1
00.00. 00:00:00.00,69.648071,18.986673,40.6,3,99.9,0.9
00.00. 00:00:00.00,69.648124,18.986577,30.5,2.4,99.9,0.9
00.00. 00:00:00.00,69.648132,18.98656,30.5,2.4,99.9,0.9
00.00. 00:00:00.00,69.648155,18.986557,29.1,2.3,99.9,0.9
00.00. 00:00:00.00,69.648094,18.986637,28.2,2.3,99.9,0.9
00.00. 00:00:00.00,69.648101,18.986619,28.1,2.3,99.9,0.9
00.00. 00:00:00.00,69.648094,18.986484,30.1,2.2,99.9,0.9
00.00. 00:00:00.00,69.648086,18.986471,30.1,2.2,99.9,0.9
00.00. 00:00:00.00,69.648117,18.986495,29.8,2.2,99.9,0.9
00.00. 00:00:00.00,69.647994,18.986232,29.7,2.2,99.9,0.9
00.00. 00:00:00.00,69.648124,18.986499,29.5,2.2,99.9,0.9
00.00. 00:00:00.00,69.647994,18.986162,29.4,2.2,99.9,0.9
00.00. 00:00:00.00,69.648147,18.986526,28.6,2.2,99.9,0.9
00.00. 00:00:00.00,69.648147,18.986539,28,2.2,99.9,0.9
00.00. 00:00:00.00,69.648155,18.986553,27.2,2.2,99.9,0.9
00.00. 00:00:00.00,69.648063,18.986448,29.9,2.1,99.9,0.9
00.00. 00:00:00.00,69.648056,18.986448,29.8,2.1,99.9,0.9
00.00. 00:00:00.00,69.64804,18.986442,29.7,2.1,99.9,0.9
00.00. 00:00:00.00,69.648033,18.986442,29.7,2.1,99.9,0.9
00.00. 00:00:00.00,69.648048,18.98674,40.6,3,99.9,0.8
00.00. 00:00:00.00,69.648056,18.986715,40.6,3,99.9,0.8
00.00. 00:00:00.00,69.647987,18.986377,29.9,2.2,99.9,0.8
00.00. 00:00:00.00,69.647987,18.986371,29.9,2.2,99.9,0.8
00.00. 00:00:00.00,69.647987,18.986293,29.9,2.2,99.9,0.8
00.00. 00:00:00.00,69.647987,18.986312,29.8,2.2,99.9,0.8
00.00. 00:00:00.00,69.647994,18.986091,29.4,2.2,99.9,0.8
00.00. 00:00:00.00,69.647994,18.986015,28.8,2.2,99.9,0.8
00.00. 00:00:00.00,69.647994,18.986366,29.9,2.1,99.9,0.8
00.00. 00:00:00.00,69.647987,18.986389,29.8,2.1,99.9,0.8
00.00. 00:00:00.00,69.647987,18.98636,29.8,2.1,99.9,0.8
00.00. 00:00:00.00,69.647987,18.986345,29.8,2.1,99.9,0.8
00.00. 00:00:00.00,69.647987,18.986406,29.7,2.1,99.9,0.8
00.00. 00:00:00.00,69.648025,18.986438,29.6,2.1,99.9,0.8
00.00. 00:00:00.00,69.648017,18.986433,29.6,2.1,99.9,0.8
00.00. 00:00:00.00,69.648002,18.986429,29.6,2.1,99.9,0.8
00.00. 00:00:00.00,69.647994,18.986429,29.6,2.1,99.9,0.8
00.00. 00:00:00.00,69.647972,18.985977,27.6,2.1,99.9,0.8
00.00. 00:00:00.00,69.648025,18.986774,25.5,2.1,99.9,0.8
00.00. 00:00:00.00,69.648017,18.986793,24.9,2.1,99.9,0.8
00.00. 00:00:00.00,69.647964,18.986906,24,2,99.9,0.8
00.00. 00:00:00.00,69.647956,18.98693,23.9,2,99.9,0.8
00.00. 00:00:00.00,69.647979,18.986858,23.7,2,99.9,0.8
00.00. 00:00:00.00,69.647994,18.986839,23.6,2,99.9,0.8
00.00. 00:00:00.00,69.647926,18.986993,23.6,1.9,99.9,0.8
00.00. 00:00:00.00,69.647933,18.986968,23.5,1.9,99.9,0.8
00.00. 00:00:00.00,69.647949,18.985975,12.8,1.3,99.9,0.8
00.00. 00:00:00.00,69.647438,18.987596,2.7,0.6,99.9,0.8
00.00. 00:00:00.00,69.647438,18.987569,2.5,0.6,99.9,0.8
00.00. 00:00:00.00,69.647438,18.987535,2.2,0.6,99.9,0.8
00.00. 00:00:00.00,69.647689,18.987468,24.1,2,99.9,0.7
00.00. 00:00:00.00,69.647705,18.987449,24.1,2,99.9,0.7
00.00. 00:00:00.00,69.647911,18.987033,23.7,2,99.9,0.7
00.00. 00:00:00.00,69.647712,18.987424,24.1,1.9,99.9,0.7
00.00. 00:00:00.00,69.647666,18.987482,24,1.9,99.9,0.7
00.00. 00:00:00.00,69.647682,18.98748,24,1.9,99.9,0.7
00.00. 00:00:00.00,69.647727,18.987405,24,1.9,99.9,0.7
00.00. 00:00:00.00,69.647743,18.987382,24,1.9,99.9,0.7
00.00. 00:00:00.00,69.64775,18.987358,24,1.9,99.9,0.7
00.00. 00:00:00.00,69.647766,18.987329,24,1.9,99.9,0.7
00.00. 00:00:00.00,69.647773,18.987304,24,1.9,99.9,0.7
00.00. 00:00:00.00,69.647659,18.98747,23.9,1.9,99.9,0.7
00.00. 00:00:00.00,69.647636,18.987434,23.8,1.9,99.9,0.7
00.00. 00:00:00.00,69.647644,18.987453,23.8,1.9,99.9,0.7
00.00. 00:00:00.00,69.647789,18.987272,23.8,1.9,99.9,0.7
00.00. 00:00:00.00,69.64788,18.987096,23.7,1.9,99.9,0.7
00.00. 00:00:00.00,69.647895,18.987075,23.7,1.9,99.9,0.7
00.00. 00:00:00.00,69.647804,18.987243,23.6,1.9,99.9,0.7
00.00. 00:00:00.00,69.647872,18.987115,23.6,1.9,99.9,0.7
00.00. 00:00:00.00,69.647819,18.987218,23.5,1.9,99.9,0.7
00.00. 00:00:00.00,69.647827,18.987194,23.5,1.9,99.9,0.7
00.00. 00:00:00.00,69.647842,18.987186,23.5,1.9,99.9,0.7
00.00. 00:00:00.00,69.64785,18.987171,23.5,1.9,99.9,0.7
00.00. 00:00:00.00,69.647865,18.987142,23.5,1.9,99.9,0.7
00.00. 00:00:00.00,69.647888,18.985982,13.5,1.4,99.9,0.7
00.00. 00:00:00.00,69.647918,18.985982,13.2,1.4,99.9,0.7
00.00. 00:00:00.00,69.647865,18.985982,12.7,1.4,99.9,0.7
00.00. 00:00:00.00,69.64743,18.987506,2,0.6,99.9,0.7
00.00. 00:00:00.00,69.64743,18.987476,1.9,0.6,99.9,0.7
00.00. 00:00:00.00,69.647438,18.987442,1.9,0.6,99.9,0.7
00.00. 00:00:00.00,69.647438,18.99159,7.1,4,99.9,0.6
00.00. 00:00:00.00,69.647438,18.991634,7,4,99.9,0.6
00.00. 00:00:00.00,69.64743,18.991466,6.5,3.9,99.9,0.6
00.00. 00:00:00.00,69.64743,18.991508,6.4,3.9,99.9,0.6
00.00. 00:00:00.00,69.647399,18.991188,5.9,3.8,99.9,0.6
00.00. 00:00:00.00,69.647399,18.991153,5.8,3.8,99.9,0.6
00.00. 00:00:00.00,69.647399,18.991085,5.7,3.7,99.9,0.6
00.00. 00:00:00.00,69.647392,18.99106,5.7,3.7,99.9,0.6
00.00. 00:00:00.00,69.647384,18.990997,5.7,3.6,99.9,0.6
00.00. 00:00:00.00,69.647384,18.991014,5.6,3.6,99.9,0.6
00.00. 00:00:00.00,69.647369,18.990901,6.1,3.5,99.9,0.6
00.00. 00:00:00.00,69.647369,18.990942,5.9,3.5,99.9,0.6
00.00. 00:00:00.00,69.647377,18.990825,6.5,3.4,99.9,0.6
00.00. 00:00:00.00,69.647384,18.990789,6.5,3.3,99.9,0.6
00.00. 00:00:00.00,69.647399,18.990718,6.4,3.2,99.9,0.6
00.00. 00:00:00.00,69.647407,18.990684,6.4,3.2,99.9,0.6
00.00. 00:00:00.00,69.647415,18.990604,6.4,3,99.9,0.6
00.00. 00:00:00.00,69.647422,18.990526,6.7,2.9,99.9,0.6
00.00. 00:00:00.00,69.647727,18.994817,4.4,1.6,96.9,0.6
00.00. 00:00:00.00,69.647727,18.994777,4.3,1.6,96.9,0.6
00.00. 00:00:00.00,69.647705,18.994626,4.2,1.6,97,0.6
00.00. 00:00:00.00,69.647743,18.994939,4.4,1.5,96.7,0.6
00.00. 00:00:00.00,69.647735,18.994895,4.4,1.5,96.7,0.6
00.00. 00:00:00.00,69.647735,18.994853,4.4,1.5,96.7,0.6
00.00. 00:00:00.00,69.64772,18.994741,4.2,1.5,96.9,0.6
00.00. 00:00:00.00,69.647712,18.994703,4.2,1.5,97,0.6
00.00. 00:00:00.00,69.647705,18.994667,4.2,1.5,97,0.6
00.00. 00:00:00.00,69.647491,18.987407,14.7,1.3,99.9,0.6
00.00. 00:00:00.00,69.647445,18.987411,1.8,0.6,99.9,0.6
00.00. 00:00:00.00,69.647453,18.9874,1.8,0.6,99.9,0.6
00.00. 00:00:00.00,69.647468,18.987394,1.8,0.6,99.9,0.6
00.00. 00:00:00.00,69.647476,18.987403,1.8,0.6,99.9,0.6
00.00. 00:00:00.00,69.64746,18.991838,10.5,4.2,99.9,0.5
00.00. 00:00:00.00,69.647453,18.99175,7,3.9,99.9,0.5
00.00. 00:00:00.00,69.647445,18.99171,6.9,3.9,99.9,0.5
00.00. 00:00:00.00,69.647422,18.991388,6.7,3.9,99.9,0.5
00.00. 00:00:00.00,69.647415,18.991352,6.6,3.9,99.9,0.5
00.00. 00:00:00.00,69.647415,18.991285,6.4,3.9,99.9,0.5
00.00. 00:00:00.00,69.647407,18.991254,6,3.8,99.9,0.5
00.00. 00:00:00.00,69.647422,18.990362,6.9,2.9,99.9,0.5
00.00. 00:00:00.00,69.647422,18.990276,6.9,2.9,99.9,0.5
00.00. 00:00:00.00,69.647422,18.990446,6.8,2.9,99.9,0.5
00.00. 00:00:00.00,69.647422,18.990186,6.7,2.8,99.9,0.5
00.00. 00:00:00.00,69.64743,18.990102,6.5,2.8,99.9,0.5
00.00. 00:00:00.00,69.64743,18.990026,6.7,2.7,99.9,0.5
00.00. 00:00:00.00,69.64743,18.98986,7.1,2.6,99.9,0.5
00.00. 00:00:00.00,69.64743,18.989944,6.9,2.6,99.9,0.5
00.00. 00:00:00.00,69.647438,18.989776,7.1,2.5,99.9,0.5
20.3.2018 17:0:10,69.619621,18.944114,1.1,0.7,24.3,3.9
20.3.2018 17:0:11,69.619651,18.944139,1.1,0.7,24.5,3.9
20.3.2018 17:0:12,69.619682,18.944171,1.1,0.7,24.5,3.9
20.3.2018 17:0:13,69.619712,18.9442,1,0.7,24.5,3.9
20.3.2018 17:0:14,69.61975,18.944213,1,0.7,24.7,3.9
20.3.2018 17:0:15,69.619773,18.944236,1,0.7,24.7,3.9
20.3.2018 17:0:16,69.619789,18.944271,1,0.7,24.7,3.9
20.3.2018 17:0:17,69.619819,18.944307,1,0.7,24.8,3.8
20.3.2018 17:0:18,69.619842,18.944349,1.1,0.7,24.8,3.8
20.3.2018 17:0:19,69.619865,18.9444,1.2,0.7,24.8,3.8
20.3.2018 17:0:20,69.619888,18.944435,1.3,0.7,25,3.8
20.3.2018 17:0:21,69.619918,18.944458,1.3,0.7,25,3.8
20.3.2018 17:0:22,69.619949,18.944486,1.3,0.7,25,3.8
20.3.2018 17:0:23,69.619979,18.944515,1.3,0.7,25,3.6
20.3.2018 17:0:24,69.62001,18.944534,1.3,0.7,25,3.6
20.3.2018 17:0:25,69.62004,18.944561,1.3,0.7,25,3.6
20.3.2018 17:0:26,69.620071,18.944583,1.3,0.7,25.2,3.6
20.3.2018 17:0:27,69.620109,18.944593,1.3,0.7,25.2,3.6
20.3.2018 17:0:28,69.62014,18.944614,1.4,0.8,25.2,3.6
20.3.2018 17:0:29,69.62017,18.94465,1.4,0.8,25.3,3.5
20.3.2018 17:0:30,69.620201,18.944679,1.4,0.8,25.3,3.5
20.3.2018 17:0:31,69.620231,18.944698,1.4,0.8,25.3,3.5
20.3.2018 17:0:32,69.620269,18.944725,1.4,0.8,25.4,3.4
20.3.2018 17:0:33,69.6203,18.944759,1.4,0.8,25.4,3.4
20.3.2018 17:0:34,69.620338,18.944774,1.3,0.8,25.4,3.4
20.3.2018 17:0:35,69.620368,18.944799,1.3,0.8,25.6,3.4
20.3.2018 17:0:36,69.620399,18.944826,1.3,0.8,25.6,3.4
20.3.2018 17:0:37,69.620429,18.944843,1.3,0.8,25.6,3.4
20.3.2018 17:0:38,69.620452,18.944864,1.3,0.8,25.7,3.4
20.3.2018 17:0:39,69.620475,18.944894,1.3,0.8,25.7,3.4
20.3.2018 17:0:40,69.620498,18.944921,1.3,0.8,25.7,3.4
20.3.2018 17:0:41,69.620536,18.944931,1.3,0.8,25.8,3.4
20.3.2018 17:0:42,69.620567,18.944959,1.2,0.8,25.8,3.4
20.3.2018 17:0:43,69.620597,18.944992,1.1,0.8,25.8,3.4
20.3.2018 17:0:45,69.620651,18.945049,1,0.8,25.8,3.4
20.3.2018 17:0:46,69.620681,18.945087,1,0.8,25.8,3.4
20.3.2018 17:0:48,69.620735,18.945156,1,0.8,25.8,3.4
20.3.2018 17:0:49,69.620765,18.945196,1,0.8,25.8,3.4
20.3.2018 17:0:5,69.619461,18.943998,1,0.7,24.2,3.9
20.3.2018 17:0:51,69.620819,18.945243,1,0.8,26,3.2
20.3.2018 17:0:52,69.620849,18.945274,1,0.8,26,3.2
20.3.2018 17:0:54,69.620903,18.945301,2.7,0.9,26,3.1
20.3.2018 17:0:55,69.620925,18.945335,4.4,1,26,3.1
20.3.2018 17:0:57,69.620979,18.945379,6.4,1,26.1,3
20.3.2018 17:0:58,69.621009,18.945409,6.6,1.1,26.1,3
20.3.2018 17:0:6,69.619491,18.94403,1,0.7,24.2,3.9
20.3.2018 17:0:7,69.619529,18.944042,1,0.7,24.2,3.9
20.3.2018 17:0:8,69.619552,18.944055,1.1,0.7,24.3,3.9
20.3.2018 17:0:9,69.61959,18.944087,1.1,0.7,24.3,3.9
20.3.2018 17:1:0,69.62107,18.945453,6.9,1.1,26.1,3
20.3.2018 17:1:1,69.621101,18.945478,6.9,1.1,26.1,3
20.3.2018 17:1:11,69.621398,18.94572,7.2,1.1,26.5,3
20.3.2018 17:1:12,69.621429,18.945753,7.4,1.1,26.5,3
20.3.2018 17:1:14,69.62149,18.945785,7.7,1.1,26.5,3
20.3.2018 17:1:15,69.62152,18.945817,7.7,1.1,26.5,3
20.3.2018 17:1:17,69.621582,18.945852,7.7,1.1,26.6,3
20.3.2018 17:1:18,69.621612,18.945884,7.6,1.1,26.6,3
20.3.2018 17:1:20,69.621658,18.945941,7.4,1,26.6,2.9
20.3.2018 17:1:21,69.621688,18.945974,7.4,1.1,26.6,2.9
20.3.2018 17:1:23,69.621749,18.946016,7.5,1.1,26.7,2.8
20.3.2018 17:1:24,69.621772,18.946044,7.5,1.1,26.7,2.8
20.3.2018 17:1:26,69.621826,18.946069,7.5,1,26.8,2.8
20.3.2018 17:1:27,69.621856,18.946092,7.4,1,26.8,2.8
20.3.2018 17:1:29,69.621917,18.94614,7.4,1,26.9,2.9
20.3.2018 17:1:3,69.621154,18.945528,7,1.1,26.2,3
20.3.2018 17:1:30,69.621948,18.946153,7.4,1,26.9,2.9
20.3.2018 17:1:32,69.622001,18.946197,7.4,1,27,2.8
20.3.2018 17:1:33,69.622032,18.946201,7.5,1,27,2.8
20.3.2018 17:1:35,69.622093,18.946252,7.8,1.1,27.1,2.9
20.3.2018 17:1:36,69.622123,18.946266,7.8,1.1,27.1,2.9
20.3.2018 17:1:38,69.622177,18.946329,7.9,1.1,27.2,2.8
20.3.2018 17:1:40,69.622222,18.946365,8.5,1.1,27.1,2.8
20.3.2018 17:1:41,69.622253,18.946386,8.8,1.1,27.1,2.8
20.3.2018 17:1:43,69.622306,18.946426,8.8,1.1,27.2,2.8
20.3.2018 17:1:44,69.622337,18.946451,8.8,1.1,27.2,2.8
20.3.2018 17:1:46,69.622398,18.946487,8.8,1.1,27.1,2.7
20.3.2018 17:1:47,69.622428,18.946517,8.9,1.1,27.1,2.7
20.3.2018 17:1:49,69.622482,18.946565,8.9,1.1,27.2,2.8
20.3.2018 17:1:5,69.621223,18.945583,7.3,1.1,26.3,3.1
20.3.2018 17:1:50,69.622512,18.94659,8.8,1.1,27.2,2.8
20.3.2018 17:1:52,69.622573,18.946609,8.9,1,27.1,2.8
20.3.2018 17:1:53,69.622604,18.946636,8.9,1,27.1,2.8
20.3.2018 17:1:55,69.622657,18.946687,6.1,0.9,27.1,2.8
20.3.2018 17:1:57,69.622711,18.946762,4.6,0.9,27.1,2.8
20.3.2018 17:1:59,69.622764,18.946817,4.4,0.9,27.1,2.7
20.3.2018 17:1:6,69.621253,18.945602,7.2,1.1,26.3,3.1
20.3.2018 17:1:8,69.621307,18.945648,7.2,1,26.4,3.1
20.3.2018 17:1:9,69.621337,18.945678,7.2,1.1,26.4,3.1
20.3.2018 17:10:0,69.632759,18.960214,23.1,1.7,33.9,-0.1
20.3.2018 17:10:1,69.632774,18.960239,22.9,1.6,33.9,-0.1
20.3.2018 17:10:11,69.632896,18.960489,23.1,1.6,34.3,-0.1
20.3.2018 17:10:13,69.632949,18.960586,23.3,1.7,34.3,-0.1
20.3.2018 17:10:15,69.632995,18.960672,23.5,1.8,34.5,-0.1
20.3.2018 17:10:17,69.633056,18.96076,24.2,1.9,34.5,-0.1
20.3.2018 17:10:19,69.633087,18.960834,24.1,2,34.8,0
20.3.2018 17:10:21,69.633132,18.960922,23.2,2.1,34.8,0
20.3.2018 17:10:23,69.633178,18.961021,23.2,2.1,34.9,0
20.3.2018 17:10:25,69.633224,18.961109,12.3,1.7,34.9,0
20.3.2018 17:10:27,69.63327,18.961193,10.2,1.6,35.1,0
20.3.2018 17:10:3,69.632804,18.960285,22.6,1.4,34.2,-0.1
20.3.2018 17:10:4,69.632812,18.960308,22.7,1.5,34.2,-0.1
20.3.2018 17:10:6,69.632843,18.960353,23.1,1.5,34.1,-0.1
20.3.2018 17:10:8,69.632858,18.960397,23.1,1.5,34.2,-0.1
20.3.2018 17:10:9,69.632873,18.960416,23.1,1.6,34.2,-0.1
20.3.2018 17:11:58,69.634635,18.963756,15.7,1.9,36.5,0
20.3.2018 17:11:59,69.634658,18.963769,15.7,1.9,36.5,0
20.3.2018 17:12:1,69.634681,18.963855,15.6,1.9,36.7,0
20.3.2018 17:12:2,69.634704,18.963859,15.6,1.9,36.7,0
20.3.2018 17:12:23,69.634963,18.964576,3.2,1.1,36.8,0.2
20.3.2018 17:12:24,69.634971,18.964601,2.7,1,36.8,0.2
20.3.2018 17:12:25,69.634979,18.964611,2.1,1,36.2,0.1
20.3.2018 17:12:26,69.634994,18.964635,1.6,0.9,36.2,0.1
20.3.2018 17:12:27,69.635002,18.964668,1.5,0.9,36.2,0.1
20.3.2018 17:12:28,69.635017,18.964704,1.5,0.9,35.9,0.1
20.3.2018 17:12:29,69.635032,18.964742,1.4,0.8,35.9,0.1
20.3.2018 17:12:3,69.634712,18.963897,13.7,1.8,37,0.1
20.3.2018 17:12:30,69.635055,18.964775,1.4,0.8,35.9,0.1
20.3.2018 17:12:31,69.635078,18.964809,1.4,0.8,36.3,0.2
20.3.2018 17:12:32,69.635108,18.964841,1.5,0.8,36.3,0.2
20.3.2018 17:12:33,69.635131,18.964876,1.4,0.8,36.3,0.2
20.3.2018 17:12:34,69.635154,18.964912,1.4,0.8,36.9,0.2
20.3.2018 17:12:35,69.635185,18.964956,1.4,0.8,36.9,0.2
20.3.2018 17:12:36,69.635208,18.965003,1.5,0.8,36.9,0.2
20.3.2018 17:12:37,69.635231,18.965057,1.6,0.8,37.1,0.3
20.3.2018 17:12:38,69.635253,18.965116,1.6,0.8,37.1,0.3
20.3.2018 17:12:39,69.635276,18.965179,1.6,0.8,37.1,0.3
20.3.2018 17:12:4,69.634727,18.963943,11.7,1.8,37,0.1
20.3.2018 17:12:40,69.635284,18.965238,1.6,0.8,37.8,0.3
20.3.2018 17:12:41,69.635299,18.965303,1.6,0.8,37.8,0.3
20.3.2018 17:12:42,69.635322,18.965358,1.6,0.8,37.8,0.3
20.3.2018 17:12:43,69.635345,18.965402,1.6,0.8,36.9,0.4
20.3.2018 17:12:44,69.635368,18.96544,1.6,0.8,36.9,0.4
20.3.2018 17:12:45,69.635398,18.965452,1.6,0.8,36.9,0.4
20.3.2018 17:12:46,69.635421,18.965465,1.6,0.8,35.9,0.3
20.3.2018 17:12:47,69.635444,18.965482,1.6,0.8,35.9,0.3
20.3.2018 17:12:48,69.635475,18.965515,1.6,0.8,35.9,0.3
20.3.2018 17:12:49,69.635498,18.965557,1.6,0.8,37.4,0.4
20.3.2018 17:12:5,69.634742,18.964,9.8,1.8,36.9,0.1
20.3.2018 17:12:50,69.63552,18.965599,1.6,0.8,37.4,0.4
20.3.2018 17:12:51,69.635551,18.965646,1.6,0.8,37.4,0.4
20.3.2018 17:12:52,69.635581,18.965688,1.6,0.8,36.8,0.4
20.3.2018 17:12:53,69.635612,18.965719,1.6,0.8,36.8,0.4
20.3.2018 17:12:54,69.635635,18.965766,1.6,0.8,36.8,0.4
20.3.2018 17:12:56,69.635681,18.965866,1.6,0.8,37.5,0.5
20.3.2018 17:12:57,69.635704,18.965913,1.6,0.7,37.5,0.5
20.3.2018 17:12:59,69.635749,18.966016,1.6,0.7,38.6,0.5
20.3.2018 17:13:0,69.635765,18.966068,2,0.8,38.6,0.5
20.3.2018 17:13:11,69.636039,18.966491,3,0.9,39.9,0.8
20.3.2018 17:13:13,69.6361,18.966575,2.6,0.9,41.1,0.9
20.3.2018 17:13:14,69.636131,18.966621,2.4,0.9,41.1,0.9
20.3.2018 17:13:16,69.636199,18.966699,2.2,0.8,41.8,0.9
20.3.2018 17:13:17,69.63623,18.966728,2.2,0.8,41.8,0.9
20.3.2018 17:13:19,69.636291,18.966764,2.3,0.8,42.2,0.9
20.3.2018 17:13:2,69.63581,18.966173,3,0.9,39.1,0.6
20.3.2018 17:13:20,69.636322,18.966758,2.3,0.9,42.2,0.9
20.3.2018 17:13:22,69.63639,18.966756,3.7,0.9,41.9,1
20.3.2018 17:13:23,69.636421,18.966764,4.4,0.9,41.9,1
20.3.2018 17:13:25,69.636489,18.96672,4.4,0.9,41.2,1
20.3.2018 17:13:26,69.636528,18.966699,4.4,0.9,41.2,1
20.3.2018 17:13:28,69.636596,18.966651,4.4,0.9,42.5,1.1
20.3.2018 17:13:29,69.636627,18.966638,4.4,0.9,42.5,1.1
20.3.2018 17:13:3,69.635841,18.966211,3,0.9,39.1,0.6
20.3.2018 17:13:31,69.636688,18.9666,4.5,0.9,41.9,1.1
20.3.2018 17:13:32,69.636718,18.96659,4.6,0.9,41.9,1.1
20.3.2018 17:13:34,69.636772,18.966552,4.6,0.9,42.8,1.1
20.3.2018 17:13:35,69.636802,18.966554,4.6,1,42.8,1.1
20.3.2018 17:13:37,69.636856,18.966588,4.5,1,43.4,1.2
20.3.2018 17:13:38,69.636878,18.966627,4.4,1,43.4,1.2
20.3.2018 17:13:40,69.636932,18.966732,4.4,1,44.2,1.3
20.3.2018 17:13:41,69.636955,18.966777,4.4,1,44.2,1.3
20.3.2018 17:13:43,69.637008,18.966899,4.4,1,42.1,1.3
20.3.2018 17:13:44,69.637039,18.966951,4.4,1,42.1,1.3
20.3.2018 17:13:46,69.637084,18.967035,4.4,1,42.4,1.3
20.3.2018 17:13:47,69.637115,18.967081,4.4,1,42.4,1.3
20.3.2018 17:13:49,69.637168,18.967197,4.4,1,41.7,1.4
20.3.2018 17:13:5,69.635894,18.966289,3,0.9,40.5,0.7
20.3.2018 17:13:50,69.637199,18.967256,4.4,1,41.7,1.4
20.3.2018 17:13:52,69.637237,18.967372,4.4,1,41.8,1.5
20.3.2018 17:13:53,69.637268,18.96743,4.4,1,41.8,1.5
20.3.2018 17:13:55,69.637306,18.96755,4.4,1,41.1,1.5
20.3.2018 17:13:57,69.637351,18.967679,4.5,1,41.1,1.5
20.3.2018 17:13:58,69.637367,18.967729,4.5,1,41.1,1.5
20.3.2018 17:13:6,69.63591,18.966318,3,0.9,40.5,0.7
20.3.2018 17:13:8,69.635955,18.966377,3,0.9,39.7,0.7
20.3.2018 17:13:9,69.635986,18.966411,3,0.9,39.7,0.7
20.3.2018 17:14:0,69.637397,18.967807,4,0.9,40.7,1.5
20.3.2018 17:14:1,69.637413,18.967849,3.6,0.9,40.7,1.5
20.3.2018 17:14:11,69.637504,18.968137,3.3,0.8,39.6,1.6
20.3.2018 17:14:13,69.637512,18.968191,3.3,0.8,39.6,1.6
20.3.2018 17:14:15,69.637512,18.96824,3.3,0.8,38.1,1.3
20.3.2018 17:14:17,69.637527,18.968301,3.3,0.8,36.7,1.2
20.3.2018 17:14:19,69.637542,18.96836,3.2,0.7,36.7,1.2
20.3.2018 17:14:21,69.637565,18.968431,2.5,0.7,36.2,1.2
20.3.2018 17:14:23,69.637611,18.968496,1.1,0.7,36.2,1.2
20.3.2018 17:14:25,69.637657,18.968557,1.2,0.7,36.8,1.3
20.3.2018 17:14:27,69.637702,18.968599,1.3,0.7,36.8,1.3
20.3.2018 17:14:3,69.637451,18.967941,3.1,0.7,40.9,1.5
20.3.2018 17:14:5,69.637474,18.967987,3,0.7,40.9,1.5
20.3.2018 17:14:7,69.637489,18.968036,3.2,0.7,41.8,1.6
20.3.2018 17:14:9,69.637496,18.968095,3.3,0.8,41.8,1.6
20.3.2018 17:16:1,69.639648,18.972648,1.7,0.5,33.5,2.1
20.3.2018 17:16:10,69.639732,18.972854,2.1,0.5,34.4,2.1
20.3.2018 17:16:11,69.639739,18.972869,2.1,0.5,34.4,2.1
20.3.2018 17:16:3,69.639663,18.9727,1.8,0.5,33.6,2.1
20.3.2018 17:16:4,69.639678,18.972726,1.9,0.5,33.6,2.1
20.3.2018 17:16:5,69.639686,18.972749,1.9,0.5,33.9,2.1
20.3.2018 17:16:6,69.639694,18.97277,1.9,0.5,33.9,2.1
20.3.2018 17:16:7,69.639701,18.972793,1.9,0.5,33.9,2.1
20.3.2018 17:16:8,69.639709,18.972816,1.9,0.5,34.4,2.1
20.3.2018 17:16:9,69.639717,18.972831,2,0.5,34.4,2.1
20.3.2018 17:2:1,69.62281,18.946876,4.4,0.9,27.1,2.7
20.3.2018 17:2:11,69.622955,18.947065,7.6,1.4,27.2,2.7
20.3.2018 17:2:13,69.622985,18.94709,8.2,1.5,27.2,2.7
20.3.2018 17:2:15,69.623016,18.947114,8.7,1.5,27.2,2.7
20.3.2018 17:2:17,69.623054,18.947145,8.9,1.5,27.2,2.7
20.3.2018 17:2:19,69.623077,18.947175,11.5,1.6,27.2,2.7
20.3.2018 17:2:21,69.623107,18.947216,12.7,1.7,27.2,2.7
20.3.2018 17:2:23,69.623146,18.947259,12.7,1.6,27.3,2.6
20.3.2018 17:2:3,69.62284,18.946926,4.4,0.9,27.1,2.8
20.3.2018 17:2:5,69.622871,18.94695,4.2,1,27.1,2.8
20.3.2018 17:2:7,69.622901,18.946983,6.5,1.3,26.9,2.7
20.3.2018 17:2:9,69.622924,18.947029,7.6,1.4,26.9,2.7
20.3.2018 17:25:58,69.637069,18.966979,18.4,0.8,26.9,1.9
20.3.2018 17:25:59,69.637054,18.966947,18.4,0.9,26.9,1.9
20.3.2018 17:26:1,69.637023,18.966888,24.2,0.9,26.9,1.8
20.3.2018 17:26:2,69.637008,18.966861,27,1,26.9,1.8
20.3.2018 17:26:29,69.636596,18.966669,26.7,1.2,27.7,1.5
20.3.2018 17:26:3,69.636993,18.966835,27.1,1,26.9,1.8
20.3.2018 17:26:30,69.636581,18.966674,26.7,1.2,27.5,1.2
20.3.2018 17:26:31,69.636566,18.966682,26.7,1.2,27.5,1.2
20.3.2018 17:26:32,69.636558,18.966684,26.7,1.2,27.5,1.2
20.3.2018 17:26:33,69.636543,18.966691,26.7,1.2,27.6,1.2
20.3.2018 17:26:34,69.636528,18.966699,26.7,1.2,27.6,1.2
20.3.2018 17:26:35,69.636505,18.966709,26.7,1.2,27.6,1.2
20.3.2018 17:26:36,69.636489,18.966714,26.7,1.2,27.6,1.1
20.3.2018 17:26:37,69.636466,18.966718,26.7,1.2,27.6,1.1
20.3.2018 17:26:38,69.636451,18.966724,26.7,1.2,27.6,1.1
20.3.2018 17:26:39,69.636436,18.966722,26.7,1.2,27.8,1.2
20.3.2018 17:26:4,69.636978,18.966808,27.1,1,27.1,1.9
20.3.2018 17:26:40,69.636413,18.96672,26.7,1.2,27.8,1.2
20.3.2018 17:26:41,69.636405,18.966716,26.7,1.2,27.8,1.2
20.3.2018 17:26:42,69.63639,18.966718,26.7,1.2,27.9,1.4
20.3.2018 17:26:43,69.636375,18.966714,26.7,1.2,27.9,1.4
20.3.2018 17:26:44,69.63636,18.966711,26.7,1.2,27.9,1.4
20.3.2018 17:26:45,69.636344,18.966705,26.7,1.2,27.9,1.4
20.3.2018 17:26:46,69.636329,18.966697,26.7,1.2,27.9,1.4
20.3.2018 17:26:47,69.636314,18.96669,26.7,1.2,28,1.5
20.3.2018 17:26:48,69.636299,18.966678,26,1.2,28,1.5
20.3.2018 17:26:49,69.636283,18.966667,25.4,1.2,28,1.5
20.3.2018 17:26:5,69.636962,18.966779,27.1,1,27.1,1.9
20.3.2018 17:26:50,69.636268,18.966648,24.7,1.2,28.1,1.6
20.3.2018 17:26:51,69.636253,18.966629,24.7,1.2,28.1,1.6
20.3.2018 17:26:52,69.63623,18.966619,24.7,1.2,28.1,1.6
20.3.2018 17:26:53,69.636215,18.966602,24.8,1.2,28.1,1.4
20.3.2018 17:26:54,69.636199,18.966587,19.7,1.1,28.1,1.4
20.3.2018 17:26:55,69.636184,18.966569,14.7,0.9,28.1,1.4
20.3.2018 17:26:56,69.636161,18.966556,9.6,0.8,28.1,1.3
20.3.2018 17:26:57,69.636146,18.966537,9.7,0.8,28.1,1.3
20.3.2018 17:26:58,69.636131,18.96651,9.8,0.8,28.1,1.3
20.3.2018 17:26:59,69.636108,18.966487,9.8,0.8,28.1,1.3
20.3.2018 17:26:6,69.636955,18.966753,27.1,1,27.1,1.9
20.3.2018 17:26:7,69.63694,18.966728,27.1,1,27.6,1.9
20.3.2018 17:26:9,69.636917,18.966674,27.1,1,27.8,1.9
20.3.2018 17:27:0,69.636093,18.966466,6.9,0.7,28.1,1.3
20.3.2018 17:27:1,69.636077,18.966444,4.1,0.7,28.1,1.3
20.3.2018 17:27:10,69.635948,18.966272,1.1,0.6,28.3,1.2
20.3.2018 17:27:12,69.635917,18.966228,1.1,0.6,28.4,1.3
20.3.2018 17:27:13,69.635894,18.966201,1.1,0.6,28.4,1.3
20.3.2018 17:27:15,69.635864,18.966163,1,0.6,28.5,1.3
20.3.2018 17:27:16,69.635848,18.966144,1,0.7,28.5,1.3
20.3.2018 17:27:18,69.635818,18.966094,1,0.6,28.6,1.2
20.3.2018 17:27:19,69.635795,18.96607,1,0.6,28.6,1.2
20.3.2018 17:27:21,69.635772,18.966012,1,0.6,28.6,1.2
20.3.2018 17:27:22,69.635757,18.965993,1,0.6,28.6,1.2
20.3.2018 17:27:24,69.635726,18.965944,1.5,0.6,28.7,1.1
20.3.2018 17:27:25,69.635711,18.965919,1.9,0.6,28.7,1.1
20.3.2018 17:27:27,69.635681,18.965877,2.4,0.7,28.7,0.8
20.3.2018 17:27:28,69.635665,18.965852,2.4,0.7,28.7,0.8
20.3.2018 17:27:3,69.636047,18.9664,1.2,0.6,28.2,1.2
20.3.2018 17:27:30,69.635643,18.965805,2.4,0.7,29.2,0.8
20.3.2018 17:27:31,69.635627,18.965785,2.4,0.6,29.2,0.8
20.3.2018 17:27:33,69.635604,18.965738,2.4,0.7,29.4,0.9
20.3.2018 17:27:34,69.635589,18.965711,2.4,0.7,29.4,0.9
20.3.2018 17:27:36,69.635559,18.965662,2.4,0.7,29.8,0.9
20.3.2018 17:27:37,69.635543,18.965637,2.4,0.7,29.8,0.9
20.3.2018 17:27:39,69.635513,18.965585,2.4,0.7,30,1
20.3.2018 17:27:4,69.636039,18.966382,1.2,0.6,28.2,1.2
20.3.2018 17:27:40,69.635498,18.965557,2.4,0.7,30,1
20.3.2018 17:27:42,69.635459,18.965505,2.4,0.6,30.2,1
20.3.2018 17:27:43,69.635444,18.965488,2.4,0.6,30.2,1
20.3.2018 17:27:45,69.635421,18.965457,2.4,0.6,30.4,1
20.3.2018 17:27:46,69.635406,18.965454,2.4,0.6,30.4,1
20.3.2018 17:27:48,69.635375,18.96545,2.4,0.6,30.8,1.1
20.3.2018 17:27:49,69.635353,18.965442,2.4,0.6,30.8,1.1
20.3.2018 17:27:51,69.635322,18.965391,2.4,0.6,30.5,0.9
20.3.2018 17:27:52,69.635314,18.965354,2.4,0.6,30.5,0.9
20.3.2018 17:27:54,69.635284,18.965282,2.4,0.6,30.8,0.9
20.3.2018 17:27:55,69.635276,18.965244,2.4,0.6,30.8,0.9
20.3.2018 17:27:57,69.635261,18.965156,2.2,0.6,30.9,1
20.3.2018 17:27:58,69.635253,18.965114,2.1,0.6,30.9,1
20.3.2018 17:27:6,69.636009,18.966346,1.1,0.6,28.3,1.2
20.3.2018 17:27:7,69.635993,18.966323,1.1,0.6,28.3,1.2
20.3.2018 17:27:9,69.635963,18.966287,1.1,0.6,28.3,1.2
20.3.2018 17:28:0,69.635238,18.965042,1.9,0.6,31.3,1
20.3.2018 17:28:1,69.635223,18.965009,1.9,0.6,31.3,1
20.3.2018 17:28:11,69.635086,18.964756,5.9,1,31.1,1.1
20.3.2018 17:28:13,69.635063,18.964704,5.9,1.1,31.1,1.1
20.3.2018 17:28:15,69.63504,18.964651,5.9,1,31.1,1.1
20.3.2018 17:28:17,69.635009,18.964605,5.9,1,31,1.2
20.3.2018 17:28:19,69.634979,18.96457,6,1,31.4,1.2
20.3.2018 17:28:21,69.634956,18.964521,6,1,31.4,1.2
20.3.2018 17:28:23,69.634933,18.964469,6,1,31.5,1.2
20.3.2018 17:28:25,69.63491,18.964414,5.1,1,31.3,1.2
20.3.2018 17:28:27,69.634895,18.964363,4.6,0.9,31.3,1.2
20.3.2018 17:28:29,69.63488,18.964305,4.6,1,31.2,1.2
20.3.2018 17:28:3,69.6352,18.964948,3.1,0.8,31.6,1.1
20.3.2018 17:28:32,69.634841,18.96421,4.8,1,31.5,1.2
20.3.2018 17:28:4,69.635192,18.964921,4.2,0.9,31.6,1.1
20.3.2018 17:28:6,69.635162,18.96487,5.6,1,31.2,1
20.3.2018 17:28:7,69.635147,18.964845,5.8,1.1,31.2,1
20.3.2018 17:28:9,69.635116,18.964799,5.9,1,31.1,1.1
20.3.2018 17:3:55,69.624443,18.948904,2.7,1.3,27.7,2.1
20.3.2018 17:3:56,69.624473,18.948942,2.9,1.4,27.7,2.1
20.3.2018 17:3:57,69.624504,18.948984,3,1.4,27.8,2.1
20.3.2018 17:3:58,69.624526,18.949007,3.2,1.5,27.8,2.1
20.3.2018 17:3:59,69.624557,18.949022,3.3,1.5,27.8,2.1
20.3.2018 17:30:10,69.633583,18.961744,4.2,0.9,32.3,0.9
20.3.2018 17:30:11,69.633567,18.961721,4.2,0.9,32.3,0.9
20.3.2018 17:30:12,69.63356,18.961704,4.2,0.9,32.3,0.8
20.3.2018 17:30:13,69.633552,18.961687,4.2,0.9,32.3,0.8
20.3.2018 17:30:14,69.633537,18.961662,4.3,0.9,32.3,0.8
20.3.2018 17:30:31,69.633338,18.96132,5.4,1.3,32.2,0.2
20.3.2018 17:30:33,69.633316,18.961275,5.5,1.3,32,0.1
20.3.2018 17:30:34,69.6333,18.961254,5.6,1.3,32,0.1
20.3.2018 17:30:35,69.633293,18.961236,5.4,1.3,32,0
20.3.2018 17:30:36,69.633277,18.961217,5.3,1.3,32,0
20.3.2018 17:30:37,69.633262,18.961194,5.2,1.2,32,0
20.3.2018 17:30:38,69.633255,18.961175,5.2,1.2,31.8,-0.1
20.3.2018 17:30:39,69.633239,18.961154,5.2,1.2,31.8,-0.1
20.3.2018 17:30:4,69.633651,18.961883,4.1,0.8,32.3,1.1
20.3.2018 17:30:40,69.633232,18.961132,5.2,1.2,31.8,-0.1
20.3.2018 17:30:41,69.633216,18.961109,5.2,1.2,31.6,-0.1
20.3.2018 17:30:42,69.633209,18.961078,5.2,1.2,31.6,-0.1
20.3.2018 17:30:43,69.633201,18.96105,5.2,1.2,31.6,-0.1
20.3.2018 17:30:44,69.633193,18.961025,5.2,1.2,31.4,-0.1
20.3.2018 17:30:45,69.633178,18.961,5.2,1.2,31.4,-0.1
20.3.2018 17:30:46,69.633163,18.960971,5.2,1.2,31.4,-0.1
20.3.2018 17:30:47,69.633155,18.960948,5.3,1.2,31.4,-0.1
20.3.2018 17:30:48,69.633148,18.960926,5.3,1.2,31.4,-0.1
20.3.2018 17:30:49,69.63314,18.960924,5.3,1.3,31.4,-0.1
20.3.2018 17:30:5,69.633644,18.96186,4.1,0.8,32.3,1.1
20.3.2018 17:30:50,69.633125,18.960908,5.2,1.3,31.5,-0.1
20.3.2018 17:30:51,69.633117,18.960889,5.2,1.3,31.5,-0.1
20.3.2018 17:30:52,69.633125,18.960878,5.2,1.3,31.5,-0.3
20.3.2018 17:30:53,69.633125,18.960872,5.2,1.3,31.5,-0.3
20.3.2018 17:30:54,69.63311,18.960859,5.3,1.3,31.5,-0.3
20.3.2018 17:30:55,69.633102,18.960853,5.3,1.4,31.6,-0.4
20.3.2018 17:30:56,69.633094,18.960845,5,1.3,31.6,-0.4
20.3.2018 17:30:58,69.633064,18.960786,4.3,1.3,31.8,-0.5
20.3.2018 17:30:59,69.633056,18.960763,3.7,1.3,31.8,-0.5
20.3.2018 17:30:6,69.633636,18.961835,4.1,0.8,32,1
20.3.2018 17:30:7,69.633621,18.961816,4.1,0.8,32,1
20.3.2018 17:30:8,69.633605,18.961793,4.2,0.8,32,1
20.3.2018 17:30:9,69.633598,18.961771,4.2,0.9,32.3,0.9
20.3.2018 17:31:1,69.633033,18.96072,2.5,1.2,31.8,-0.5
20.3.2018 17:31:10,69.632904,18.960483,2.5,1.2,32.3,-0.8
20.3.2018 17:31:11,69.632888,18.960456,2.5,1.2,32.3,-0.8
20.3.2018 17:31:13,69.632873,18.960422,2.5,1.2,32.5,-0.8
20.3.2018 17:31:14,69.632858,18.960405,2.5,1.2,32.5,-0.8
20.3.2018 17:31:16,69.632827,18.960372,2.4,1.3,32.4,-0.9
20.3.2018 17:31:17,69.632812,18.96034,2.3,1.2,32.4,-0.9
20.3.2018 17:31:19,69.632789,18.960285,2.2,1.2,32.3,-0.9
20.3.2018 17:31:2,69.633018,18.960697,2.5,1.2,31.8,-0.5
20.3.2018 17:31:20,69.632774,18.960258,2.2,1.1,32.3,-0.9
20.3.2018 17:31:22,69.632743,18.96021,2.2,1.1,32.5,-0.9
20.3.2018 17:31:23,69.632728,18.960189,1.9,1.1,32.5,-0.9
20.3.2018 17:31:25,69.632705,18.960149,1.1,0.9,32.7,-1
20.3.2018 17:31:26,69.632698,18.960128,1.1,0.9,32.7,-1
20.3.2018 17:31:28,69.632675,18.960094,1.1,0.9,32.7,-1.1
20.3.2018 17:31:29,69.632659,18.960073,1.1,0.9,32.7,-1.1
20.3.2018 17:31:31,69.632637,18.960031,1.1,0.9,32.8,-1.2
20.3.2018 17:31:32,69.632621,18.96001,1.1,0.9,32.8,-1.2
20.3.2018 17:31:34,69.632598,18.95996,1,0.9,32.7,-1.2
20.3.2018 17:31:35,69.632583,18.959939,1,0.9,32.7,-1.2
20.3.2018 17:31:37,69.63256,18.95989,1.1,1,32.6,-1.2
20.3.2018 17:31:38,69.632545,18.959859,1.1,1,32.6,-1.2
20.3.2018 17:31:4,69.632995,18.960643,2.5,1.2,32,-0.5
20.3.2018 17:31:40,69.632514,18.959815,1.2,1.1,32.8,-1.2
20.3.2018 17:31:41,69.632499,18.959794,1.1,1,32.8,-1.2
20.3.2018 17:31:43,69.632476,18.959751,1.1,1,33,-1.3
20.3.2018 17:31:44,69.632461,18.959726,1.1,1,33,-1.3
20.3.2018 17:31:46,69.632438,18.959701,1.1,1,32.9,-1.3
20.3.2018 17:31:48,69.632423,18.95969,1.6,1,33,-1.3
20.3.2018 17:31:49,69.632408,18.959672,1.9,1,33,-1.3
20.3.2018 17:31:5,69.632987,18.960609,2.5,1.2,32,-0.5
20.3.2018 17:31:51,69.632377,18.95964,1.9,1,33.2,-1.3
20.3.2018 17:31:52,69.632362,18.959619,1.9,1,33.2,-1.3
20.3.2018 17:31:54,69.632324,18.959581,1.9,0.9,33.3,-1.4
20.3.2018 17:31:55,69.632308,18.959562,1.9,0.9,33.3,-1.4
20.3.2018 17:31:57,69.632278,18.959533,1.9,0.9,33.4,-1.5
20.3.2018 17:31:59,69.63224,18.959497,1.9,0.9,33.4,-1.5
20.3.2018 17:31:7,69.632949,18.960552,2.6,1.3,32.2,-0.7
20.3.2018 17:31:8,69.632934,18.960529,2.5,1.2,32.2,-0.7
20.3.2018 17:32:1,69.632217,18.959451,2,0.9,33.5,-1.4
20.3.2018 17:32:11,69.632057,18.959297,7.9,0.9,33.9,-1.4
20.3.2018 17:32:13,69.632026,18.959264,7.9,1,34.1,-1.4
20.3.2018 17:32:15,69.632003,18.959241,10.8,1.2,34.1,-1.4
20.3.2018 17:32:17,69.631973,18.959215,12.3,1.4,34.2,-1.4
20.3.2018 17:32:19,69.631942,18.95919,12.6,1.4,34.5,-1.4
20.3.2018 17:32:21,69.631912,18.959163,26.3,1.6,34.5,-1.4
20.3.2018 17:32:23,69.631881,18.959138,33.2,1.7,34.6,-1.3
20.3.2018 17:32:3,69.632186,18.959405,2,0.9,33.5,-1.4
20.3.2018 17:32:5,69.632156,18.959381,3.9,0.9,33.7,-1.4
20.3.2018 17:32:7,69.632125,18.95936,7.9,0.9,33.7,-1.4
20.3.2018 17:32:9,69.632095,18.959329,7.9,0.9,33.9,-1.4
20.3.2018 17:33:53,69.63047,18.957174,24.5,1,37.1,-1.2
20.3.2018 17:33:54,69.630455,18.957149,24.5,1,37.1,-1.2
20.3.2018 17:33:55,69.630439,18.957126,24.5,1,37.1,-1.2
20.3.2018 17:33:55,69.630439,18.957126,24.5,1,37.3,-1.2
20.3.2018 17:33:57,69.630409,18.957073,24.5,1,37.3,-1.2
20.3.2018 17:33:58,69.630401,18.957042,17.1,0.9,37.3,-1.2
20.3.2018 17:33:59,69.630386,18.95701,9.7,0.8,37.9,-1.2
20.3.2018 17:34:0,69.630378,18.956979,2.2,0.6,37.9,-1.2
20.3.2018 17:34:1,69.630355,18.956945,2.3,0.6,37.9,-1.2
20.3.2018 17:34:17,69.630035,18.956209,5.5,0.7,38.9,-1.2
20.3.2018 17:34:20,69.629981,18.956085,6.3,0.7,38.6,-1.1
20.3.2018 17:34:21,69.629974,18.956064,6.3,0.7,38.6,-1.1
20.3.2018 17:34:22,69.629959,18.956033,6.5,0.7,38.6,-1.1
20.3.2018 17:34:23,69.629943,18.956001,6.7,0.7,38.7,-1.1
20.3.2018 17:34:24,69.629928,18.955976,6.8,0.7,38.7,-1.1
20.3.2018 17:34:25,69.629913,18.955953,6.7,0.7,38.7,-1.1
20.3.2018 17:34:26,69.62989,18.955917,6.5,0.7,38.6,-1.1
20.3.2018 17:34:27,69.629875,18.955879,6.4,0.6,38.6,-1.1
20.3.2018 17:34:28,69.629852,18.955829,6.4,0.6,38.6,-1.1
20.3.2018 17:34:29,69.629829,18.955776,6.4,0.6,38.7,-1.1
20.3.2018 17:34:30,69.629806,18.955722,6.3,0.6,38.7,-1.1
20.3.2018 17:34:31,69.629783,18.955673,6.3,0.6,38.7,-1.1
20.3.2018 17:34:32,69.62976,18.955625,6.3,0.6,38.7,-1.1
20.3.2018 17:34:33,69.629737,18.955574,6.3,0.6,38.7,-1.1
20.3.2018 17:34:34,69.629714,18.955516,6.3,0.6,38.7,-1.1
20.3.2018 17:34:35,69.629692,18.955469,6.3,0.6,38.8,-1.1
20.3.2018 17:34:36,69.629669,18.955427,6.3,0.6,38.8,-1.1
20.3.2018 17:34:37,69.629646,18.955383,6.3,0.6,38.8,-1.1
20.3.2018 17:34:38,69.629623,18.955343,6.3,0.6,38.7,-1.1
20.3.2018 17:34:39,69.6296,18.955301,6.3,0.6,38.7,-1.1
20.3.2018 17:34:40,69.629577,18.955249,6.3,0.6,38.7,-1.1
20.3.2018 17:34:41,69.629554,18.955198,6.3,0.6,38.7,-1.1
20.3.2018 17:34:42,69.629531,18.95515,6.3,0.6,38.7,-1.1
20.3.2018 17:34:43,69.629508,18.955104,6.6,0.6,38.7,-1.1
20.3.2018 17:34:45,69.629455,18.955013,7.3,0.6,38.6,-1.2
20.3.2018 17:34:46,69.629432,18.954967,7.3,0.6,38.6,-1.2
20.3.2018 17:34:48,69.629386,18.95487,7.3,0.6,38.4,-1.2
20.3.2018 17:34:49,69.629364,18.954828,7.3,0.6,38.4,-1.2
20.3.2018 17:34:51,69.629318,18.954738,7.3,0.6,38.2,-1.2
20.3.2018 17:34:53,69.629295,18.954669,7.4,0.6,38.3,-1.2
20.3.2018 17:34:54,69.62928,18.954639,7.4,0.6,38.3,-1.2
20.3.2018 17:34:56,69.629257,18.954601,13.9,0.9,38.3,-1.2
20.3.2018 17:34:57,69.629241,18.954574,15,1,38.3,-1.2
20.3.2018 17:34:59,69.629219,18.954534,19.2,1,38.4,-1.1
20.3.2018 17:35:0,69.629203,18.954517,19.2,1,38.4,-1.1
20.3.2018 17:35:11,69.629043,18.95433,17.7,1,38.9,-1.1
20.3.2018 17:35:12,69.629028,18.954313,17.7,1,38.9,-1.1
20.3.2018 17:35:14,69.62899,18.95429,17.7,1,39,-1
20.3.2018 17:35:15,69.628982,18.954275,17.7,1,39,-1
20.3.2018 17:35:17,69.628952,18.954225,15.9,1,39.3,-1
20.3.2018 17:35:19,69.628921,18.954191,15,1,39.4,-1
20.3.2018 17:35:2,69.62918,18.954484,19.1,1,39,-1.1
20.3.2018 17:35:20,69.628906,18.954177,15.1,1,39.4,-1
20.3.2018 17:35:22,69.628875,18.954145,14.5,1,39,-1.1
20.3.2018 17:35:23,69.628852,18.954126,14,1,39,-1.1
20.3.2018 17:35:25,69.628822,18.954092,13.8,1.1,39.4,-1
20.3.2018 17:35:26,69.628807,18.954076,14.2,1.1,39.4,-1
20.3.2018 17:35:28,69.628776,18.954042,14.5,1.2,39.3,-1
20.3.2018 17:35:29,69.628761,18.954013,14.5,1.2,39.3,-1
20.3.2018 17:35:3,69.629165,18.954475,19.1,1,39,-1.1
20.3.2018 17:35:31,69.62873,18.954,14.5,1.2,39.2,-1
20.3.2018 17:35:32,69.628715,18.953994,14.5,1.2,39.2,-1
20.3.2018 17:35:34,69.628692,18.953981,14.5,1.2,39.1,-1
20.3.2018 17:35:35,69.628677,18.953968,14.5,1.2,39.1,-1
20.3.2018 17:35:37,69.628646,18.953937,14.6,1.2,39.1,-1
20.3.2018 17:35:38,69.628631,18.953916,14.6,1.2,39.1,-1
20.3.2018 17:35:40,69.628601,18.953859,14.6,1.2,38.9,-1
20.3.2018 17:35:41,69.628585,18.953836,14.6,1.2,38.9,-1
20.3.2018 17:35:43,69.628555,18.953804,14.2,1.2,39.2,-1
20.3.2018 17:35:45,69.628524,18.953781,13.6,1.1,39.2,-1
20.3.2018 17:35:47,69.628494,18.953752,13.5,1.1,38.9,-1
20.3.2018 17:35:49,69.628463,18.953716,13.6,1.2,38.9,-1
20.3.2018 17:35:5,69.629135,18.954441,18.2,1,39,-1.1
20.3.2018 17:35:51,69.62844,18.953674,13.6,1.2,38.8,-0.9
20.3.2018 17:35:53,69.62841,18.953645,16.2,1.4,38.8,-0.9
20.3.2018 17:35:55,69.628379,18.953615,28.1,2,38.5,-1
20.3.2018 17:35:57,69.628356,18.953575,26.8,2,38.5,-1
20.3.2018 17:35:59,69.628326,18.953554,22.6,1.9,38.6,-1
20.3.2018 17:35:6,69.629127,18.95442,17.7,1,39,-1.1
20.3.2018 17:35:8,69.629089,18.954381,17.7,1,38.9,-1.1
20.3.2018 17:35:9,69.629074,18.954366,17.7,1,38.9,-1.1
20.3.2018 17:36:1,69.628303,18.953506,22.6,1.9,38.6,-1
20.3.2018 17:36:3,69.62828,18.953474,22.6,1.9,38.1,-1
20.3.2018 17:37:56,69.626007,18.950723,1.7,0.8,37.7,-1
20.3.2018 17:37:57,69.625991,18.950702,1.6,0.8,37.6,-1
20.3.2018 17:37:58,69.625976,18.950683,1.6,0.8,37.6,-1
20.3.2018 17:37:59,69.625961,18.950664,1.5,0.8,37.6,-1
20.3.2018 17:38:0,69.625946,18.950643,2.4,0.8,37.6,-1
20.3.2018 17:38:1,69.62593,18.950622,3.3,0.8,37.6,-1
20.3.2018 17:38:10,69.625816,18.950479,4.2,0.8,37.6,-0.9
20.3.2018 17:38:11,69.625801,18.950458,4.2,0.8,37.6,-0.9
20.3.2018 17:38:12,69.625793,18.950439,4.2,0.8,37.6,-0.9
20.3.2018 17:38:13,69.625778,18.950422,4.2,0.8,37.6,-0.9
20.3.2018 17:38:14,69.625762,18.950405,4.2,0.9,37.8,-0.9
20.3.2018 17:38:15,69.625755,18.950393,4.2,0.9,37.8,-0.9
20.3.2018 17:38:16,69.62574,18.950378,4.2,0.9,37.8,-0.9
20.3.2018 17:38:17,69.625724,18.950359,4.2,0.9,37.7,-0.9
20.3.2018 17:38:18,69.625709,18.950344,4.3,0.9,37.7,-0.9
20.3.2018 17:38:19,69.625694,18.950326,4.4,0.9,37.7,-0.9
20.3.2018 17:38:2,69.625915,18.950603,4.2,0.9,37.6,-1
20.3.2018 17:38:20,69.625686,18.950307,4.6,0.9,37.6,-1
20.3.2018 17:38:21,69.625671,18.95029,4.6,0.9,37.6,-1
20.3.2018 17:38:23,69.62564,18.950252,4.7,0.9,37.7,-0.9
20.3.2018 17:38:24,69.625625,18.950237,4.7,0.9,37.7,-0.9
20.3.2018 17:38:26,69.625595,18.950201,4.7,0.9,37.5,-1
20.3.2018 17:38:27,69.625579,18.950185,4.6,0.9,37.5,-1
20.3.2018 17:38:29,69.625549,18.950157,4.5,0.8,37.5,-0.9
20.3.2018 17:38:3,69.6259,18.950588,4.2,0.9,37.6,-1
20.3.2018 17:38:30,69.625534,18.950139,4.5,0.8,37.5,-0.9
20.3.2018 17:38:32,69.625503,18.950113,4.5,0.8,37.5,-1
20.3.2018 17:38:33,69.625488,18.950099,5.1,0.8,37.5,-1
20.3.2018 17:38:35,69.625457,18.950067,6.3,0.8,37.5,-0.9
20.3.2018 17:38:36,69.625442,18.95005,6.3,0.8,37.5,-0.9
20.3.2018 17:38:38,69.625411,18.950016,6.3,0.8,37.5,-1
20.3.2018 17:38:39,69.625396,18.949996,6.1,0.8,37.5,-1
20.3.2018 17:38:4,69.625885,18.950578,4.2,0.9,37.6,-1
20.3.2018 17:38:41,69.625366,18.949954,5.6,0.8,37.5,-0.9
20.3.2018 17:38:42,69.62535,18.949934,5.6,0.8,37.5,-0.9
20.3.2018 17:38:44,69.625312,18.949901,5.8,0.8,37.2,-0.9
20.3.2018 17:38:45,69.625297,18.949882,5.8,0.7,37.2,-0.9
20.3.2018 17:38:47,69.625267,18.949823,5.8,0.7,37.1,-1
20.3.2018 17:38:48,69.625251,18.949798,5.7,0.7,37.1,-1
20.3.2018 17:38:5,69.625877,18.950567,4.2,0.9,37.6,-1
20.3.2018 17:38:50,69.625213,18.949754,5.7,0.7,37.1,-1
20.3.2018 17:38:51,69.625198,18.949733,5.7,0.7,37.1,-1
20.3.2018 17:38:53,69.625167,18.949699,5.7,0.7,37.2,-1
20.3.2018 17:38:54,69.625152,18.94968,5.7,0.7,37.2,-1
20.3.2018 17:38:56,69.625122,18.949649,5.7,0.7,37.2,-1
20.3.2018 17:38:57,69.625106,18.949636,5.7,0.7,37.2,-1
20.3.2018 17:38:59,69.625076,18.949598,5.7,0.7,37.2,-1
20.3.2018 17:38:6,69.625862,18.95055,4.2,0.9,37.6,-1
20.3.2018 17:38:7,69.625854,18.950532,4.2,0.8,37.6,-1
20.3.2018 17:38:8,69.625839,18.950515,4.2,0.8,37.6,-0.9
20.3.2018 17:38:9,69.625823,18.9505,4.2,0.8,37.6,-0.9
20.3.2018 17:39:0,69.625061,18.949577,4.8,0.7,37.2,-1
20.3.2018 17:39:11,69.624885,18.949403,3,0.6,37.1,-1
20.3.2018 17:39:12,69.62487,18.949407,3,0.6,37.1,-1
20.3.2018 17:39:14,69.624832,18.949396,3.1,0.6,37.1,-1
20.3.2018 17:39:15,69.624816,18.949392,3,0.7,37.1,-1
20.3.2018 17:39:17,69.624778,18.949371,3,0.7,37.4,-1
20.3.2018 17:39:19,69.624748,18.949352,2.8,0.6,37.4,-1
20.3.2018 17:39:2,69.625022,18.949539,3,0.6,37.3,-0.9
20.3.2018 17:39:20,69.624732,18.949335,2.7,0.6,37.4,-1
20.3.2018 17:39:22,69.624702,18.949306,2.6,0.7,37.6,-1
20.3.2018 17:39:23,69.624687,18.949289,2.6,0.7,37.6,-1
20.3.2018 17:39:25,69.624656,18.949247,2.6,0.7,38,-1
20.3.2018 17:39:27,69.624626,18.949193,2.6,0.7,38,-1
20.3.2018 17:39:29,69.624595,18.949144,2.6,0.7,38,-0.9
20.3.2018 17:39:3,69.625007,18.949516,3,0.6,37.3,-0.9
20.3.2018 17:39:31,69.624565,18.949098,2.6,0.7,38,-0.9
20.3.2018 17:39:33,69.624534,18.949054,2,0.7,38,-1
20.3.2018 17:39:35,69.624504,18.949022,0.8,0.7,37.9,-1
20.3.2018 17:39:37,69.624473,18.94898,0.9,0.7,37.9,-1
20.3.2018 17:39:39,69.624435,18.948951,0.9,0.7,37.9,-1
20.3.2018 17:39:41,69.624404,18.948923,0.9,0.8,37.9,-1
20.3.2018 17:39:43,69.624374,18.948884,0.8,0.8,37.8,-1
20.3.2018 17:39:47,69.62432,18.94882,0.8,0.8,37.9,-1
20.3.2018 17:39:5,69.624977,18.949481,3,0.6,37.4,-1
20.3.2018 17:39:6,69.624961,18.94947,3,0.6,37.4,-1
20.3.2018 17:39:8,69.624938,18.949441,3,0.6,37.3,-1
20.3.2018 17:39:9,69.624923,18.949424,3,0.6,37.3,-1
20.3.2018 17:4:0,69.62458,18.949056,3.5,1.6,28.2,2.1
20.3.2018 17:4:1,69.624595,18.949077,3.7,1.6,28.2,2.1
20.3.2018 17:4:2,69.624626,18.949113,3.8,1.7,28.2,2.1
20.3.2018 17:4:24,69.625366,18.949934,4.5,2,27.8,1.8
20.3.2018 17:4:25,69.625404,18.949972,4.7,2,27.8,1.8
20.3.2018 17:4:26,69.625434,18.950002,4.7,2,27.9,1.8
20.3.2018 17:4:27,69.625473,18.95005,4.7,2,27.9,1.8
20.3.2018 17:4:28,69.625503,18.950099,4.7,2,27.9,1.8
20.3.2018 17:4:29,69.625549,18.950143,4.7,2.1,28,1.9
20.3.2018 17:4:3,69.624649,18.949115,3.9,1.8,28.2,2.1
20.3.2018 17:4:30,69.625587,18.950187,4.7,2.1,28,1.9
20.3.2018 17:4:31,69.625617,18.950231,4.8,2.1,28,1.9
20.3.2018 17:4:32,69.625648,18.950286,4.5,2.1,28.1,1.9
20.3.2018 17:4:33,69.625679,18.950342,4.3,2.1,28.1,1.9
20.3.2018 17:4:34,69.625701,18.950378,4.1,2.1,28.1,1.9
20.3.2018 17:4:35,69.62574,18.950433,4.5,2.1,28.1,1.8
20.3.2018 17:4:36,69.625778,18.950469,4.9,2.1,28.1,1.8
20.3.2018 17:4:37,69.625816,18.950502,5.3,2.1,28,1.8
20.3.2018 17:4:38,69.625854,18.950544,5.2,2.1,28,1.8
20.3.2018 17:4:39,69.625892,18.950578,5.2,2.1,28,1.8
20.3.2018 17:4:4,69.624679,18.949159,4,1.8,28.2,2.1
20.3.2018 17:4:40,69.62593,18.950611,5.1,2.1,28.1,1.7
20.3.2018 17:4:41,69.625961,18.950666,5.1,2.1,28.1,1.7
20.3.2018 17:4:42,69.625999,18.950702,5.1,2.1,28.1,1.7
20.3.2018 17:4:43,69.626029,18.950736,5,2.1,28.1,1.7
20.3.2018 17:4:44,69.62606,18.950786,5,2.1,28.1,1.7
20.3.2018 17:4:45,69.626091,18.950819,5,2.1,28.1,1.7
20.3.2018 17:4:46,69.626121,18.950838,5.1,2.1,28.1,1.5
20.3.2018 17:4:47,69.626152,18.950855,5.8,2.2,28.1,1.5
20.3.2018 17:4:48,69.626182,18.950895,6.5,2.2,28.1,1.5
20.3.2018 17:4:49,69.62622,18.950935,7.2,2.3,28,1.3
20.3.2018 17:4:5,69.62471,18.949195,4.1,1.9,28.2,2.1
20.3.2018 17:4:50,69.626258,18.950981,7.1,2.2,28,1.3
20.3.2018 17:4:51,69.626289,18.951007,7,2.2,28,1.3
20.3.2018 17:4:52,69.626319,18.951045,7,2.2,28,1.2
20.3.2018 17:4:53,69.626358,18.951082,6.9,2.1,28,1.2
20.3.2018 17:4:54,69.626396,18.951122,6.8,2.1,28,1.2
20.3.2018 17:4:56,69.626472,18.951221,6.6,2,28,1.2
20.3.2018 17:4:57,69.62651,18.951244,6.4,2,28,1.2
20.3.2018 17:4:59,69.626571,18.951381,6.1,1.9,28.1,1
20.3.2018 17:41:10,69.622688,18.946846,36.2,1.7,36.7,-1.1
20.3.2018 17:41:11,69.622673,18.94683,36.2,1.7,36.7,-1.1
20.3.2018 17:41:12,69.622657,18.946813,36.2,1.7,36.7,-1.1
20.3.2018 17:41:13,69.622642,18.9468,36.2,1.7,37.2,-1.1
20.3.2018 17:41:14,69.622627,18.946788,36.1,1.7,37.2,-1.1
20.3.2018 17:41:15,69.622611,18.946771,36,1.7,37.2,-1.1
20.3.2018 17:41:33,69.622314,18.946493,35.7,1.6,37.4,-1
20.3.2018 17:41:34,69.622299,18.946475,35.7,1.5,37.4,-1
20.3.2018 17:41:35,69.622276,18.946458,35.2,1.5,37.4,-1
20.3.2018 17:41:36,69.622261,18.946441,34.6,1.5,37.2,-1
20.3.2018 17:41:37,69.622245,18.946426,34.1,1.6,37.2,-1
20.3.2018 17:41:38,69.62223,18.946413,34.1,1.6,37.2,-1
20.3.2018 17:41:39,69.622215,18.946401,34.2,1.6,37.4,-0.9
20.3.2018 17:41:40,69.6222,18.94639,34.2,1.6,37.4,-0.9
20.3.2018 17:41:41,69.622192,18.946378,34.9,1.6,37.4,-0.9
20.3.2018 17:41:42,69.622177,18.946371,35.5,1.6,37.6,-0.9
20.3.2018 17:41:43,69.622161,18.946365,36.2,1.6,37.6,-0.9
20.3.2018 17:41:44,69.622146,18.946348,36.2,1.6,37.6,-0.9
20.3.2018 17:41:45,69.622131,18.946331,36.2,1.7,37.5,-0.9
20.3.2018 17:41:46,69.622116,18.946313,36.2,1.7,37.5,-0.9
20.3.2018 17:41:47,69.6221,18.946298,27.3,1.5,37.5,-0.9
20.3.2018 17:41:48,69.622077,18.946287,18.4,1.4,37.4,-0.9
20.3.2018 17:41:49,69.622062,18.946275,9.4,1.2,37.4,-0.9
20.3.2018 17:41:50,69.622047,18.946262,13,1.3,37.4,-0.9
20.3.2018 17:41:51,69.622032,18.946247,16.5,1.4,37.4,-0.8
20.3.2018 17:41:52,69.622016,18.946241,20,1.5,37.4,-0.8
20.3.2018 17:41:53,69.621994,18.946235,22.1,1.4,37.4,-0.8
20.3.2018 17:41:54,69.621978,18.946226,24.2,1.4,37.4,-0.9
20.3.2018 17:41:55,69.621971,18.946212,26.3,1.4,37.4,-0.9
20.3.2018 17:41:56,69.621955,18.946199,26.2,1.4,37.4,-0.9
20.3.2018 17:41:57,69.62194,18.946184,26.2,1.4,37.5,-0.8
20.3.2018 17:41:58,69.621925,18.946174,26.2,1.4,37.5,-0.8
20.3.2018 17:41:59,69.621902,18.946155,26.2,1.4,37.5,-0.8
20.3.2018 17:41:8,69.622711,18.946887,36.3,1.7,36.8,-1.1
20.3.2018 17:41:9,69.622703,18.946866,36.2,1.7,36.8,-1.1
20.3.2018 17:42:1,69.621849,18.946115,26.2,1.4,37.2,-0.9
20.3.2018 17:42:10,69.621582,18.945913,26.3,1.5,37.6,-0.9
20.3.2018 17:42:11,69.621551,18.945892,26.4,1.5,37.6,-0.9
20.3.2018 17:42:13,69.621498,18.945829,26.7,1.6,37.8,-0.9
20.3.2018 17:42:14,69.621467,18.945808,26.7,1.5,37.8,-0.9
20.3.2018 17:42:16,69.621414,18.945756,26.7,1.5,37.7,-1
20.3.2018 17:42:18,69.621353,18.945713,26.6,1.5,37.4,-1
20.3.2018 17:42:19,69.621322,18.945686,26.6,1.5,37.4,-1
20.3.2018 17:42:2,69.621818,18.946075,25.9,1.4,37.2,-0.9
20.3.2018 17:42:21,69.621246,18.945663,26.7,1.5,37.4,-1
20.3.2018 17:42:22,69.621223,18.945634,26.8,1.5,37.4,-1
20.3.2018 17:42:24,69.621154,18.945589,26.7,1.5,37.3,-1
20.3.2018 17:42:25,69.621124,18.945573,26.7,1.5,37.3,-1
20.3.2018 17:42:27,69.621063,18.945541,28.2,1.6,37.4,-1
20.3.2018 17:42:28,69.62104,18.945508,28.9,1.6,37.4,-1
20.3.2018 17:42:30,69.620971,18.945484,31.7,1.7,37.3,-1
20.3.2018 17:42:31,69.620941,18.945446,33,1.7,37.3,-1
20.3.2018 17:42:33,69.620872,18.945396,33.2,1.8,37.5,-1
20.3.2018 17:42:34,69.620849,18.94535,33.3,1.8,37.5,-1
20.3.2018 17:42:36,69.620788,18.94531,33.3,1.8,37.7,-1
20.3.2018 17:42:37,69.620765,18.945295,33.3,1.8,37.7,-1
20.3.2018 17:42:39,69.620742,18.94527,33.3,1.8,37.6,-1
20.3.2018 17:42:4,69.621757,18.946025,25.4,1.4,37.4,-0.9
20.3.2018 17:42:40,69.620727,18.945247,33.3,1.8,37.6,-1
20.3.2018 17:42:42,69.620704,18.945201,31.9,1.8,37.6,-1
20.3.2018 17:42:43,69.620689,18.945178,31.3,1.8,37.6,-1
20.3.2018 17:42:45,69.620666,18.945131,31.3,1.7,37.6,-0.9
20.3.2018 17:42:46,69.620651,18.945112,31.3,1.7,37.6,-0.9
20.3.2018 17:42:48,69.62062,18.945083,31.2,1.6,37.6,-0.9
20.3.2018 17:42:49,69.620605,18.945075,31.2,1.6,37.6,-0.9
20.3.2018 17:42:5,69.621734,18.94602,25.4,1.4,37.4,-0.9
20.3.2018 17:42:51,69.620574,18.945051,24.2,1.4,37.7,-0.9
20.3.2018 17:42:52,69.620559,18.945037,20.6,1.3,37.7,-0.9
20.3.2018 17:42:54,69.620536,18.945014,15.1,1.2,37.9,-0.9
20.3.2018 17:42:55,69.620521,18.944999,12.3,1.2,37.9,-0.9
20.3.2018 17:42:57,69.620491,18.944982,12.4,1.3,37.6,-0.9
20.3.2018 17:42:58,69.620475,18.944961,12.5,1.3,37.6,-0.9
20.3.2018 17:42:7,69.621673,18.945987,25.4,1.4,37.6,-0.9
20.3.2018 17:42:8,69.62165,18.945953,25.7,1.5,37.6,-0.9
20.3.2018 17:43:0,69.620445,18.944936,12.5,1.3,37.5,-0.9
20.3.2018 17:43:10,69.620315,18.944826,11.6,1.2,37.3,-0.9
20.3.2018 17:43:12,69.620285,18.944797,11.4,1.2,37.2,-1
20.3.2018 17:43:14,69.620254,18.944761,11.4,1.2,37.2,-1
20.3.2018 17:43:16,69.620223,18.94473,11.6,1.2,37.2,-1
20.3.2018 17:43:18,69.620185,18.944702,11.1,1.2,37.7,-1
20.3.2018 17:43:2,69.620422,18.944915,12.5,1.3,37.5,-0.9
20.3.2018 17:43:20,69.620147,18.94465,15.2,1.3,37.7,-1
20.3.2018 17:43:22,69.620094,18.944602,24.1,1.5,37.7,-1
20.3.2018 17:43:4,69.620399,18.944889,12.6,1.3,37.4,-0.9
20.3.2018 17:43:6,69.620368,18.944866,12.6,1.3,37.4,-0.9
20.3.2018 17:43:8,69.620346,18.944852,12.3,1.3,37.3,-0.9
20.3.2018 17:44:47,69.618225,18.943237,26.7,1.1,36.2,-0.9
20.3.2018 17:44:48,69.618209,18.943231,32.8,1.3,36.3,-1
20.3.2018 17:44:49,69.618194,18.943229,32.3,1.3,36.3,-1
20.3.2018 17:44:50,69.618179,18.94322,31.8,1.3,36.3,-1
20.3.2018 17:44:51,69.618164,18.943214,31.3,1.3,36.8,-1
20.3.2018 17:44:52,69.618148,18.943206,31.3,1.3,36.8,-1
20.3.2018 17:44:53,69.618141,18.943199,31.3,1.3,36.8,-1
20.3.2018 17:44:54,69.618125,18.943195,31.3,1.3,36.7,-1.1
20.3.2018 17:44:55,69.61811,18.943185,28.6,1.2,36.7,-1.1
20.3.2018 17:45:11,69.617866,18.943031,19.3,1,36.5,-1.4
20.3.2018 17:45:12,69.617851,18.943021,19.3,1,36.7,-1.4
20.3.2018 17:45:13,69.617835,18.943016,19.3,1,36.7,-1.4
20.3.2018 17:45:14,69.61782,18.943012,19.3,1,36.7,-1.4
20.3.2018 17:45:15,69.617805,18.943012,19.3,1,36.9,-1.5
20.3.2018 17:45:16,69.61779,18.943004,19.3,1,36.9,-1.5
20.3.2018 17:45:17,69.617774,18.942991,19.3,1,36.9,-1.5
20.3.2018 17:45:18,69.617759,18.942981,19.3,1,37.1,-1.5
20.3.2018 17:45:19,69.617744,18.942977,19.3,1,37.1,-1.5
20.3.2018 17:45:20,69.617721,18.942974,19.3,1,37.1,-1.5
20.3.2018 17:45:21,69.617706,18.942962,19.3,1,37.1,-1.5
20.3.2018 17:45:22,69.617691,18.942951,19.3,1,37.1,-1.5
20.3.2018 17:45:23,69.617675,18.942947,19.3,1,37.1,-1.5
20.3.2018 17:45:24,69.61766,18.942943,19.3,1,37.3,-1.5
20.3.2018 17:45:25,69.617645,18.942937,19.3,1,37.3,-1.5
20.3.2018 17:45:26,69.61763,18.942934,19.3,1,37.3,-1.5
20.3.2018 17:45:27,69.617614,18.942926,19.3,1,37.3,-1.6
20.3.2018 17:45:28,69.617599,18.942916,31.9,1.3,37.3,-1.6
20.3.2018 17:45:29,69.617584,18.942913,41.2,1.9,37.3,-1.6
20.3.2018 17:46:19,69.616188,18.942554,48.4,2.7,36.9,-1.5
20.3.2018 17:46:21,69.616157,18.942539,46.7,2.6,37,-1.4
20.3.2018 17:46:22,69.616142,18.942531,45.8,2.6,37,-1.4
20.3.2018 17:46:24,69.616104,18.94252,44.3,2.5,36.9,-1.4
20.3.2018 17:46:25,69.616088,18.942512,43.5,2.5,36.9,-1.4
20.3.2018 17:46:27,69.616058,18.942499,42.8,2.5,36.8,-1.5
20.3.2018 17:46:28,69.616043,18.942493,30.2,2.1,36.8,-1.5
20.3.2018 17:46:30,69.616012,18.94248,11.7,1.1,36.9,-1.4
20.3.2018 17:46:31,69.615997,18.942478,9.2,1,36.9,-1.4
20.3.2018 17:46:33,69.615959,18.942462,8.4,0.9,36.8,-1.4
20.3.2018 17:46:35,69.615936,18.942459,7.9,0.9,36.8,-1.4
20.3.2018 17:46:37,69.615905,18.942462,2,0.8,36.7,-1.4
20.3.2018 17:46:39,69.615882,18.942457,2,0.8,36.7,-1.4
20.3.2018 17:46:41,69.615852,18.942447,2.2,0.8,38.7,-1.4
20.3.2018 17:46:43,69.615829,18.942438,2.3,0.8,38.7,-1.4
20.3.2018 17:46:45,69.615798,18.94243,2.3,0.8,38.2,-1.4
20.3.2018 17:46:47,69.615768,18.942409,15.5,1.1,38.2,-1.4
20.3.2018 17:46:49,69.615745,18.942407,22.1,1.3,37.9,-1.4
20.3.2018 17:46:51,69.615715,18.942399,22.1,1.3,37.9,-1.4
20.3.2018 17:46:53,69.615684,18.942392,29.8,1.6,38,-1.4
20.3.2018 17:46:55,69.615653,18.94238,33.7,1.8,38,-1.4
20.3.2018 17:48:16,69.614356,18.941785,16.8,1.2,36.5,-1.4
20.3.2018 17:48:17,69.614341,18.941778,16.8,1.2,36.5,-1.4
20.3.2018 17:48:19,69.614303,18.941762,16.8,1.2,36.5,-1.4
20.3.2018 17:48:20,69.614288,18.941757,16.8,1.2,36.5,-1.4
20.3.2018 17:48:21,69.614273,18.941749,16.4,1.2,36.5,-1.4
20.3.2018 17:48:22,69.614257,18.941741,16,1.2,36.5,-1.4
20.3.2018 17:48:23,69.614242,18.941732,15.6,1.2,36.5,-1.4
20.3.2018 17:48:24,69.614227,18.941724,15.5,1.2,36.5,-1.4
20.3.2018 17:48:25,69.614212,18.941717,15.4,1.2,37,-1.4
20.3.2018 17:48:26,69.614196,18.941707,15.3,1.2,37,-1.4
20.3.2018 17:48:27,69.614181,18.941692,15.3,1.2,37,-1.4
20.3.2018 17:48:43,69.613906,18.941558,5.8,0.8,36.8,-1.5
20.3.2018 17:48:44,69.613891,18.941555,5.8,0.8,36.8,-1.5
20.3.2018 17:48:45,69.613876,18.941547,5.8,0.8,36.8,-1.5
20.3.2018 17:48:46,69.613861,18.941541,3.6,0.8,36.8,-1.5
20.3.2018 17:48:47,69.613845,18.941535,1.4,0.8,36.8,-1.5
20.3.2018 17:48:48,69.61383,18.941528,1.3,0.7,36.8,-1.5
20.3.2018 17:48:49,69.613815,18.941526,1.3,0.7,36.8,-1.5
20.3.2018 17:48:50,69.6138,18.941522,1.3,0.6,36.7,-1.5
20.3.2018 17:48:51,69.613784,18.941518,1.4,0.7,36.7,-1.5
20.3.2018 17:48:52,69.613769,18.941514,1.6,0.7,36.7,-1.5
20.3.2018 17:48:53,69.613754,18.941513,1.7,0.7,36.6,-1.5
20.3.2018 17:48:54,69.613739,18.941511,1.6,0.7,36.6,-1.5
20.3.2018 17:48:55,69.613723,18.941511,1.4,0.7,36.6,-1.5
20.3.2018 17:48:56,69.613708,18.941509,1.3,0.7,36.6,-1.5
20.3.2018 17:48:57,69.613685,18.941499,1.3,0.7,36.6,-1.5
20.3.2018 17:48:58,69.61367,18.941493,1.3,0.7,36.6,-1.5
20.3.2018 17:48:59,69.613655,18.94149,1.3,0.7,37,-1.5
20.3.2018 17:49:0,69.613639,18.941488,1.3,0.7,37,-1.5
20.3.2018 17:49:1,69.613624,18.941486,1.3,0.7,37,-1.5
20.3.2018 17:49:10,69.613464,18.941461,1.3,0.7,36.6,-1.5
20.3.2018 17:49:12,69.613403,18.941467,1.3,0.7,36.6,-1.5
20.3.2018 17:49:13,69.613372,18.941459,1.3,0.7,36.6,-1.5
20.3.2018 17:49:15,69.613304,18.941453,1.3,0.7,36.7,-1.5
20.3.2018 17:49:16,69.613265,18.941442,1.3,0.7,36.7,-1.5
20.3.2018 17:49:18,69.613197,18.94144,1.3,0.7,36.7,-1.6
20.3.2018 17:49:19,69.613159,18.941436,1.3,0.7,36.7,-1.6
20.3.2018 17:49:2,69.613609,18.941482,1.2,0.7,36.8,-1.5
20.3.2018 17:49:21,69.61309,18.94144,1.3,0.8,36.8,-1.6
20.3.2018 17:49:22,69.613059,18.941429,1.3,0.8,36.8,-1.6
20.3.2018 17:49:24,69.612991,18.941413,1.3,0.7,36.9,-1.6
20.3.2018 17:49:25,69.61296,18.941402,1.3,0.7,36.9,-1.6
20.3.2018 17:49:27,69.612892,18.941396,1.3,0.7,37,-1.6
20.3.2018 17:49:28,69.612861,18.941383,1.3,0.7,37,-1.6
20.3.2018 17:49:3,69.613594,18.941478,1.2,0.7,36.8,-1.5
20.3.2018 17:49:30,69.612792,18.941347,1.3,0.7,37.2,-1.6
20.3.2018 17:49:31,69.612762,18.941328,1.3,0.8,37.2,-1.6
20.3.2018 17:49:33,69.612693,18.94132,1.4,0.8,37,-1.6
20.3.2018 17:49:34,69.612663,18.94131,1.3,0.8,37,-1.6
20.3.2018 17:49:36,69.612594,18.941289,1.3,0.7,37,-1.7
20.3.2018 17:49:37,69.612564,18.941289,1.2,0.7,37,-1.7
20.3.2018 17:49:39,69.612541,18.941282,1.3,0.7,37,-1.7
20.3.2018 17:49:4,69.613578,18.941476,1.2,0.6,36.8,-1.5
20.3.2018 17:49:40,69.612525,18.941278,1.5,0.7,37,-1.7
20.3.2018 17:49:42,69.612495,18.94128,1.6,0.7,37.2,-1.6
20.3.2018 17:49:44,69.612457,18.941268,1.6,0.7,37.1,-1.6
20.3.2018 17:49:45,69.612442,18.941265,1.6,0.7,37.1,-1.6
20.3.2018 17:49:47,69.612411,18.941253,1.5,0.7,37,-1.7
20.3.2018 17:49:48,69.612396,18.941249,1.5,0.7,37,-1.7
20.3.2018 17:49:5,69.613563,18.941473,1.2,0.6,36.7,-1.5
20.3.2018 17:49:50,69.612365,18.941236,1.6,0.7,37.2,-1.6
20.3.2018 17:49:51,69.61235,18.941228,1.4,0.7,37.2,-1.6
20.3.2018 17:49:53,69.612319,18.941221,1.2,0.7,37.2,-1.7
20.3.2018 17:49:54,69.612304,18.941217,1.5,0.7,37.2,-1.7
20.3.2018 17:49:56,69.612266,18.941202,2.1,0.7,37.4,-1.6
20.3.2018 17:49:57,69.612251,18.94119,2.1,0.7,37.4,-1.6
20.3.2018 17:49:59,69.61222,18.941173,2.1,0.7,37.4,-1.6
20.3.2018 17:49:6,69.613548,18.941473,1.2,0.7,36.7,-1.5
20.3.2018 17:49:7,69.613533,18.941469,1.2,0.7,36.7,-1.5
20.3.2018 17:49:8,69.613517,18.941465,1.2,0.7,36.6,-1.5
20.3.2018 17:49:9,69.613494,18.941453,1.3,0.7,36.6,-1.5
20.3.2018 17:5:0,69.626594,18.951402,6,1.9,28.1,1
20.3.2018 17:5:11,69.626777,18.951608,5.1,1.7,28.4,0.9
20.3.2018 17:5:12,69.626792,18.951618,5.1,1.7,28.4,0.9
20.3.2018 17:5:14,69.626823,18.951641,5.1,1.6,28.4,0.9
20.3.2018 17:5:15,69.626838,18.951663,5.1,1.6,28.4,0.9
20.3.2018 17:5:17,69.626876,18.951694,6.4,1.6,28.4,0.9
20.3.2018 17:5:18,69.626892,18.951709,7.7,1.7,28.4,0.9
20.3.2018 17:5:2,69.626609,18.951446,5.7,1.8,28.1,0.9
20.3.2018 17:5:20,69.626922,18.951745,10.3,1.7,28.5,1
20.3.2018 17:5:22,69.626953,18.951784,12.6,1.7,29,1
20.3.2018 17:5:23,69.626968,18.951803,13.1,1.7,29,1
20.3.2018 17:5:25,69.626991,18.951843,14,1.7,29.1,1
20.3.2018 17:5:26,69.626998,18.951862,14,1.7,29.1,1
20.3.2018 17:5:28,69.627029,18.951898,14,1.7,29.2,1
20.3.2018 17:5:29,69.627044,18.951911,14.4,1.7,29.2,1
20.3.2018 17:5:3,69.626625,18.951465,5.6,1.7,28.1,0.9
20.3.2018 17:5:31,69.627075,18.951944,15.2,1.7,29.2,1
20.3.2018 17:5:32,69.62709,18.951961,15.2,1.7,29.2,1
20.3.2018 17:5:34,69.62712,18.951997,15.2,1.7,29.3,1
20.3.2018 17:5:36,69.627143,18.952041,14.4,1.7,29.3,1
20.3.2018 17:5:37,69.627159,18.95206,14,1.7,29.3,1
20.3.2018 17:5:39,69.627182,18.952098,14,1.7,29.3,1
20.3.2018 17:5:40,69.627197,18.952117,14,1.8,29.3,1
20.3.2018 17:5:42,69.62722,18.952163,14.1,1.8,29.5,1
20.3.2018 17:5:43,69.627235,18.952186,14.2,1.8,29.5,1
20.3.2018 17:5:45,69.627258,18.952234,14.2,1.7,29.6,1
20.3.2018 17:5:46,69.627273,18.952257,14.2,1.7,29.6,1
20.3.2018 17:5:48,69.627304,18.952302,12.8,1.6,29.6,1
20.3.2018 17:5:49,69.627311,18.952327,12,1.6,29.6,1
20.3.2018 17:5:5,69.626663,18.951507,5.4,1.6,28.2,0.9
20.3.2018 17:5:51,69.627342,18.952375,12,1.6,29.7,1
20.3.2018 17:5:52,69.627357,18.952398,12,1.6,29.7,1
20.3.2018 17:5:54,69.62738,18.952449,11.9,1.5,29.7,0.9
20.3.2018 17:5:55,69.627395,18.952474,11.9,1.5,29.7,0.9
20.3.2018 17:5:57,69.627418,18.952518,12,1.5,29.8,1
20.3.2018 17:5:58,69.627433,18.952541,12.1,1.4,29.8,1
20.3.2018 17:5:6,69.626693,18.951526,5.3,1.6,28.2,0.9
20.3.2018 17:5:8,69.626724,18.951559,5.1,1.6,28.3,0.9
20.3.2018 17:5:9,69.626739,18.951576,5.1,1.6,28.3,0.9
20.3.2018 17:50:0,69.612205,18.941165,2.1,0.7,37.4,-1.6
20.3.2018 17:50:11,69.612037,18.94107,4.2,0.7,37.6,-1.6
20.3.2018 17:50:12,69.612022,18.941062,4.2,0.6,37.6,-1.6
20.3.2018 17:50:14,69.611984,18.941051,4.2,0.6,37.8,-1.5
20.3.2018 17:50:16,69.611953,18.941032,4.2,0.6,37.8,-1.5
20.3.2018 17:50:18,69.611923,18.94102,4.2,0.6,38.1,-1.6
20.3.2018 17:50:2,69.612174,18.941146,2.1,0.7,37.5,-1.6
20.3.2018 17:50:20,69.611885,18.941022,4.2,0.7,38.1,-1.6
20.3.2018 17:50:22,69.611854,18.940992,4.3,0.7,38,-1.5
20.3.2018 17:50:24,69.611824,18.940971,4.3,0.7,38,-1.5
20.3.2018 17:50:26,69.611785,18.94095,4.3,0.7,37.9,-1.6
20.3.2018 17:50:28,69.611747,18.940946,4.3,0.7,37.9,-1.6
20.3.2018 17:50:3,69.612152,18.941135,2.1,0.7,37.5,-1.6
20.3.2018 17:50:30,69.611686,18.940925,4.3,0.7,37.8,-1.6
20.3.2018 17:50:32,69.611633,18.940902,4.2,0.7,37.8,-1.6
20.3.2018 17:50:34,69.611572,18.940876,4.2,0.7,37.7,-1.6
20.3.2018 17:50:36,69.611526,18.940832,5.8,0.7,37.7,-1.6
20.3.2018 17:50:5,69.612121,18.941114,2.1,0.7,37.6,-1.6
20.3.2018 17:50:6,69.612113,18.941108,2.1,0.7,37.6,-1.6
20.3.2018 17:50:8,69.612083,18.941097,2.1,0.7,37.4,-1.6
20.3.2018 17:50:9,69.612068,18.941087,2.8,0.7,37.4,-1.6
20.3.2018 17:51:48,69.610382,18.940191,0.7,0.5,37.1,-1.5
20.3.2018 17:51:49,69.610359,18.940179,0.7,0.5,37.1,-1.5
20.3.2018 17:51:50,69.610343,18.940174,0.7,0.5,37.1,-1.5
20.3.2018 17:51:51,69.610328,18.94017,0.7,0.5,37,-1.5
20.3.2018 17:51:52,69.610313,18.940166,0.7,0.5,37,-1.5
20.3.2018 17:51:53,69.61029,18.940166,0.7,0.6,37,-1.5
20.3.2018 17:51:54,69.610275,18.940174,0.7,0.6,37.4,-1.4
20.3.2018 17:51:55,69.61026,18.940179,0.7,0.6,37.4,-1.4
20.3.2018 17:51:56,69.610244,18.940183,0.7,0.6,37.4,-1.4
20.3.2018 17:51:59,69.610198,18.940172,0.9,0.6,37.6,-1.4
20.3.2018 17:52:13,69.609985,18.94005,1.1,0.7,37.9,-1.4
20.3.2018 17:52:14,69.60997,18.940042,1,0.7,37.9,-1.4
20.3.2018 17:52:15,69.609954,18.940038,1,0.7,37.9,-1.4
20.3.2018 17:52:16,69.609939,18.940042,0.9,0.7,37.9,-1.4
20.3.2018 17:52:17,69.609931,18.940059,0.9,0.7,38,-1.4
20.3.2018 17:52:18,69.609924,18.940086,0.9,0.7,38,-1.4
20.3.2018 17:52:19,69.609924,18.940118,0.9,0.7,38,-1.4
20.3.2018 17:52:20,69.609916,18.94016,1.1,0.7,38,-1.4
20.3.2018 17:52:21,69.609916,18.940204,1.3,0.6,38,-1.4
20.3.2018 17:52:22,69.609909,18.940227,1.6,0.6,38,-1.4
20.3.2018 17:52:23,69.609909,18.940252,1.6,0.6,38.2,-1.4
20.3.2018 17:52:24,69.609901,18.940279,1.6,0.6,38.2,-1.4
20.3.2018 17:52:25,69.609893,18.940292,1.6,0.6,38.2,-1.4
20.3.2018 17:52:26,69.609893,18.940309,1.6,0.6,38.3,-1.4
20.3.2018 17:52:27,69.609893,18.940336,1.6,0.7,38.3,-1.4
20.3.2018 17:52:28,69.609893,18.940353,1.6,0.7,38.3,-1.4
20.3.2018 17:52:29,69.609886,18.940372,1.6,0.7,39,-1.4
20.3.2018 17:52:30,69.609886,18.940393,1.6,0.7,39,-1.4
20.3.2018 17:52:31,69.609878,18.940418,1.6,0.7,39,-1.4
20.3.2018 17:52:32,69.609878,18.940441,1.6,0.7,39,-1.4
20.3.2018 17:52:33,69.609878,18.940467,1.6,0.7,39,-1.4
20.3.2018 17:52:34,69.609886,18.94049,1.6,0.7,39,-1.4
20.3.2018 17:52:35,69.609893,18.940502,1.6,0.7,38.8,-1.4
20.3.2018 17:52:36,69.609901,18.940525,1.6,0.7,38.8,-1.4
20.3.2018 17:52:37,69.609901,18.940534,1.6,0.7,38.8,-1.4
20.3.2018 17:6:0,69.627464,18.952587,12,1.4,29.8,1
20.3.2018 17:6:11,69.627609,18.952774,12,1.1,29.7,1
20.3.2018 17:6:13,69.627639,18.952798,12,1.1,29.7,1
20.3.2018 17:6:15,69.627662,18.952817,11.9,1.1,29.6,1
20.3.2018 17:6:17,69.627693,18.952835,10.6,1.1,29.6,1
20.3.2018 17:6:19,69.627723,18.952865,8,1.1,29.5,1
20.3.2018 17:6:2,69.627494,18.952627,12,1.3,29.7,1
20.3.2018 17:6:21,69.627746,18.95289,5.6,1,29.5,1
20.3.2018 17:6:23,69.627777,18.952903,3.8,1,29.4,1
20.3.2018 17:6:25,69.627807,18.952939,2.5,1,29.4,1
20.3.2018 17:6:27,69.627838,18.952981,2.4,1,29.3,1
20.3.2018 17:6:29,69.627868,18.953027,2,0.9,29.3,1
20.3.2018 17:6:3,69.627502,18.952646,12,1.3,29.7,1
20.3.2018 17:6:31,69.627899,18.953069,1.1,0.9,29.2,1
20.3.2018 17:6:33,69.627929,18.953111,1.1,0.9,29.2,1
20.3.2018 17:6:35,69.62796,18.953153,1.1,0.8,29.1,1
20.3.2018 17:6:37,69.62799,18.953189,1.1,0.8,29.1,1
20.3.2018 17:6:5,69.627532,18.95268,12,1.3,29.7,1
20.3.2018 17:6:6,69.627548,18.952697,12,1.3,29.7,1
20.3.2018 17:6:8,69.627571,18.952726,12,1.2,29.7,1
20.3.2018 17:6:9,69.627586,18.952743,12,1.2,29.7,1
20.3.2018 17:7:59,69.629913,18.955915,4.1,1.3,30.6,0.3
20.3.2018 17:8:0,69.629943,18.95597,4.2,1.3,30.6,0.3
20.3.2018 17:8:1,69.629966,18.956031,4.1,1.3,30.7,0.3
20.3.2018 17:8:10,69.63021,18.956563,4.2,1.5,30.9,0.1
20.3.2018 17:8:2,69.629981,18.956096,4.1,1.4,30.7,0.3
20.3.2018 17:8:27,69.630554,18.957393,3.3,1.4,32.8,0.1
20.3.2018 17:8:29,69.630569,18.957452,3,1.4,32.8,0.1
20.3.2018 17:8:3,69.630004,18.956163,4.1,1.4,30.7,0.3
20.3.2018 17:8:30,69.630584,18.957473,2.9,1.4,32.3,0.1
20.3.2018 17:8:31,69.630599,18.957511,2.9,1.3,32.3,0.1
20.3.2018 17:8:32,69.630615,18.957544,2.9,1.3,32.3,0.1
20.3.2018 17:8:33,69.63063,18.957571,3,1.3,31.9,-0.1
20.3.2018 17:8:34,69.630645,18.957595,3,1.3,31.9,-0.1
20.3.2018 17:8:35,69.630653,18.95762,3,1.3,31.9,-0.1
20.3.2018 17:8:36,69.630668,18.957645,3,1.3,32.4,-0.1
20.3.2018 17:8:37,69.630683,18.957664,2.5,1.2,32.4,-0.1
20.3.2018 17:8:38,69.630699,18.957698,2.1,1.1,32.4,-0.1
20.3.2018 17:8:39,69.630714,18.957729,1.7,1,32.1,-0.1
20.3.2018 17:8:4,69.630035,18.956216,4.1,1.4,31.2,0.2
20.3.2018 17:8:40,69.630729,18.957756,1.6,1,32.1,-0.1
20.3.2018 17:8:41,69.630744,18.957794,1.6,1,32.1,-0.1
20.3.2018 17:8:42,69.630767,18.957841,1.6,1,32.2,-0.1
20.3.2018 17:8:43,69.63079,18.957887,1.6,1,32.2,-0.1
20.3.2018 17:8:44,69.630813,18.957937,1.6,1,32.2,-0.1
20.3.2018 17:8:45,69.630844,18.957969,1.6,1,32.7,0
20.3.2018 17:8:46,69.630867,18.958013,1.6,1,32.7,0
20.3.2018 17:8:47,69.630889,18.958057,1.6,1,32.7,0
20.3.2018 17:8:48,69.63092,18.958105,1.6,1,32.7,0
20.3.2018 17:8:49,69.63095,18.958145,1.5,0.9,32.7,0
20.3.2018 17:8:5,69.630065,18.956258,4.2,1.4,31.2,0.2
20.3.2018 17:8:50,69.630973,18.958187,1.5,0.9,32.7,0
20.3.2018 17:8:51,69.631004,18.958225,1.5,0.8,32.9,0
20.3.2018 17:8:52,69.631034,18.958255,1.4,0.8,32.9,0
20.3.2018 17:8:53,69.631057,18.958297,1.3,0.8,32.9,0
20.3.2018 17:8:54,69.631088,18.958343,1.2,0.7,32.5,-0.1
20.3.2018 17:8:55,69.631118,18.958389,1.2,0.7,32.5,-0.1
20.3.2018 17:8:56,69.631149,18.958433,1.2,0.7,32.5,-0.1
20.3.2018 17:8:57,69.631179,18.958471,1.2,0.7,32.5,-0.2
20.3.2018 17:8:58,69.63121,18.958503,1.2,0.7,32.5,-0.2
20.3.2018 17:8:59,69.631233,18.958532,1.2,0.7,32.5,-0.2
20.3.2018 17:8:6,69.630088,18.956314,4.2,1.4,31.2,0.2
20.3.2018 17:8:7,69.630126,18.956371,4.2,1.5,31.1,0.2
20.3.2018 17:8:8,69.630149,18.956426,4.2,1.5,31.1,0.2
20.3.2018 17:8:9,69.63018,18.956497,4.2,1.5,31.1,0.2
20.3.2018 17:9:0,69.631263,18.958568,1.2,0.6,33,-0.2
20.3.2018 17:9:1,69.631294,18.958606,1.4,0.7,33,-0.2
20.3.2018 17:9:10,69.631568,18.958923,1.6,0.7,33.6,-0.1
20.3.2018 17:9:11,69.631607,18.958955,1.6,0.8,33.6,-0.1
20.3.2018 17:9:13,69.631675,18.959003,1.6,0.8,33.7,-0.1
20.3.2018 17:9:14,69.631706,18.959022,1.6,0.8,33.7,-0.1
20.3.2018 17:9:16,69.631767,18.959085,1.6,0.8,33.8,-0.1
20.3.2018 17:9:17,69.631805,18.95911,1.6,0.8,33.8,-0.1
20.3.2018 17:9:19,69.631866,18.959161,2.1,0.8,34.1,0
20.3.2018 17:9:2,69.631324,18.958644,1.5,0.8,33,-0.2
20.3.2018 17:9:20,69.631896,18.959186,2.6,0.8,34.1,0
20.3.2018 17:9:22,69.63195,18.95923,3,0.8,34,0
20.3.2018 17:9:23,69.63198,18.959259,3,0.8,34,0
20.3.2018 17:9:25,69.632041,18.959314,13.9,1.2,34.3,0
20.3.2018 17:9:26,69.632072,18.959341,15.2,1.3,34.3,0
20.3.2018 17:9:28,69.632133,18.95939,16,1.4,34,0
20.3.2018 17:9:29,69.632164,18.959419,16,1.3,34,0
20.3.2018 17:9:31,69.632217,18.959455,16.2,1.4,33.9,0
20.3.2018 17:9:32,69.632247,18.959482,16.2,1.4,33.9,0
20.3.2018 17:9:34,69.632301,18.959535,16.1,1.4,34.1,-0.1
20.3.2018 17:9:35,69.632339,18.959571,16.5,1.4,34.1,-0.1
20.3.2018 17:9:37,69.632392,18.959648,16.9,1.5,34.1,0
20.3.2018 17:9:38,69.632423,18.95969,16.9,1.5,34.1,0
20.3.2018 17:9:4,69.631385,18.958724,1.7,0.9,33.1,-0.2
20.3.2018 17:9:40,69.632476,18.959762,16.9,1.5,33.6,-0.2
20.3.2018 17:9:41,69.632492,18.959781,16.9,1.5,33.6,-0.2
20.3.2018 17:9:43,69.632514,18.959819,17,1.5,33.6,-0.1
20.3.2018 17:9:45,69.632545,18.959861,17,1.5,33.7,-0.1
20.3.2018 17:9:46,69.632553,18.959886,17,1.5,33.7,-0.1
20.3.2018 17:9:48,69.632575,18.959936,16.9,1.5,33.7,0
20.3.2018 17:9:49,69.632591,18.959962,16.9,1.5,33.7,0
20.3.2018 17:9:5,69.631416,18.958763,1.7,0.8,33.1,-0.2
20.3.2018 17:9:51,69.632629,18.960023,16.9,1.5,33.6,-0.1
20.3.2018 17:9:52,69.632637,18.960048,16.9,1.5,33.6,-0.1
20.3.2018 17:9:54,69.632675,18.960086,16.9,1.4,33.6,-0.1
20.3.2018 17:9:55,69.63269,18.960113,18.8,1.5,33.6,-0.1
20.3.2018 17:9:57,69.63272,18.960155,22.5,1.7,33.7,-0.1
20.3.2018 17:9:58,69.632728,18.960176,22.7,1.7,33.7,-0.1
20.3.2018 17:9:7,69.631477,18.958841,1.7,0.8,33.7,-0.1
20.3.2018 17:9:8,69.631507,18.958866,1.6,0.8,33.7,-0.1
